peak	bucket	bucketWeight	peakAvgWeight	isValid	isSubclonal
1.9800	0.0000	0.0000	1.0000	true	false
1.9800	0.0500	0.0000	1.0000	true	false
1.9800	0.1000	0.0000	1.0000	true	false
1.9800	0.1500	0.0000	1.0000	true	false
1.9800	0.2000	0.0000	1.0000	true	false
1.9800	0.2500	0.0000	1.0000	true	false
1.9800	0.3000	0.0000	1.0000	true	false
1.9800	0.3500	0.0000	1.0000	true	false
1.9800	0.4000	0.0000	1.0000	true	false
1.9800	0.4500	0.0000	1.0000	true	false
1.9800	0.5000	0.0000	1.0000	true	false
1.9800	0.5500	0.0000	1.0000	true	false
1.9800	0.6000	0.0000	1.0000	true	false
1.9800	0.6500	0.0000	1.0000	true	false
1.9800	0.7000	0.0000	1.0000	true	false
1.9800	0.7500	0.0000	1.0000	true	false
1.9800	0.8000	0.0000	1.0000	true	false
1.9800	0.8500	0.0000	1.0000	true	false
1.9800	0.9000	0.0000	1.0000	true	false
1.9800	0.9500	0.0000	1.0000	true	false
1.9800	1.0000	0.0000	1.0000	true	false
1.9800	1.0500	0.0000	1.0000	true	false
1.9800	1.1000	0.0000	1.0000	true	false
1.9800	1.1500	0.0000	1.0000	true	false
1.9800	1.2000	0.0000	1.0000	true	false
1.9800	1.2500	0.0000	1.0000	true	false
1.9800	1.3000	0.0000	1.0000	true	false
1.9800	1.3500	0.0000	1.0000	true	false
1.9800	1.4000	0.0000	1.0000	true	false
1.9800	1.4500	0.8750	1.0000	true	false
1.9800	1.5000	2.6972	1.0000	true	false
1.9800	1.5500	22.9303	1.0000	true	false
1.9800	1.6000	104.9942	1.0000	true	false
1.9800	1.6500	198.5322	1.0000	true	false
1.9800	1.7000	358.9054	1.0000	true	false
1.9800	1.7500	596.1413	1.0000	true	false
1.9800	1.8000	915.6325	1.0000	true	false
1.9800	1.8500	1293.9778	1.0000	true	false
1.9800	1.9000	1671.6733	1.0000	true	false
1.9800	1.9500	2021.4259	1.0000	true	false
1.9800	2.0000	2488.0000	1.0000	true	false
1.9800	2.0500	2310.0311	1.0000	true	false
1.9800	2.1000	1687.8144	1.0000	true	false
1.9800	2.1500	1317.7033	1.0000	true	false
1.9800	2.2000	932.9995	1.0000	true	false
1.9800	2.2500	598.2896	1.0000	true	false
1.9800	2.3000	354.3623	1.0000	true	false
1.9800	2.3500	192.7966	1.0000	true	false
1.9800	2.4000	99.5382	1.0000	true	false
1.9800	2.4500	25.1538	1.0000	true	false
1.9800	2.5000	3.1306	1.0000	true	false
1.9800	2.5500	1.0833	1.0000	true	false
1.9800	2.6000	0.1250	1.0000	true	false
1.9800	2.6500	0.0000	1.0000	true	false
1.9800	2.7000	0.0000	1.0000	true	false
1.9800	2.7500	0.0000	1.0000	true	false
1.9800	2.8000	0.0000	1.0000	true	false
1.9800	2.8500	0.0000	1.0000	true	false
1.9800	2.9000	0.0000	1.0000	true	false
1.9800	2.9500	0.0000	1.0000	true	false
1.9800	3.0000	0.0000	1.0000	true	false
1.9800	3.0500	0.0000	1.0000	true	false
1.9800	3.1000	0.0000	1.0000	true	false
1.9800	3.1500	0.0000	1.0000	true	false
1.9800	3.2000	0.0000	1.0000	true	false
1.9800	3.2500	0.0000	1.0000	true	false
1.9800	3.3000	0.0000	1.0000	true	false
1.9800	3.3500	0.0000	1.0000	true	false
1.9800	3.4000	0.0000	1.0000	true	false
1.9800	3.4500	0.0000	1.0000	true	false
1.9800	3.5000	0.0000	1.0000	true	false
1.9800	3.5500	0.0000	1.0000	true	false
1.9800	3.6000	0.0000	1.0000	true	false
1.9800	3.6500	0.0000	1.0000	true	false
1.9800	3.7000	0.0000	1.0000	true	false
1.9800	3.7500	0.0000	1.0000	true	false
1.9800	3.8000	0.0000	1.0000	true	false
1.9800	3.8500	0.0000	1.0000	true	false
1.9800	3.9000	0.0000	1.0000	true	false
1.9800	3.9500	0.0000	1.0000	true	false
1.9800	4.0000	0.0000	1.0000	true	false
1.9800	4.0500	0.0000	1.0000	true	false
1.9800	4.1000	0.0000	1.0000	true	false
1.9800	4.1500	0.0000	1.0000	true	false
1.9800	4.2000	0.0000	1.0000	true	false
1.9800	4.2500	0.0000	1.0000	true	false
1.9800	4.3000	0.0000	1.0000	true	false
1.9800	4.3500	0.0000	1.0000	true	false
1.9800	4.4000	0.0000	1.0000	true	false
1.9800	4.4500	0.0000	1.0000	true	false
1.9800	4.5000	0.0000	1.0000	true	false
1.9800	4.5500	0.0000	1.0000	true	false
1.9800	4.6000	0.0000	1.0000	true	false
1.9800	4.6500	0.0000	1.0000	true	false
1.9800	4.7000	0.0000	1.0000	true	false
1.9800	4.7500	0.0000	1.0000	true	false
1.9800	4.8000	0.0000	1.0000	true	false
1.9800	4.8500	0.0000	1.0000	true	false
1.9800	4.9000	0.0000	1.0000	true	false
1.9800	4.9500	0.0000	1.0000	true	false
1.9800	5.0000	0.0000	1.0000	true	false
1.9800	5.0500	0.0000	1.0000	true	false
1.9800	5.1000	0.0000	1.0000	true	false
1.9800	5.1500	0.0000	1.0000	true	false
1.9800	5.2000	0.0000	1.0000	true	false
1.9800	5.2500	0.0000	1.0000	true	false
1.9800	5.3000	0.0000	1.0000	true	false
1.9800	5.3500	0.0000	1.0000	true	false
1.9800	5.4000	0.0000	1.0000	true	false
1.9800	5.4500	0.0000	1.0000	true	false
1.9800	5.5000	0.0000	1.0000	true	false
1.9800	5.5500	0.0000	1.0000	true	false
1.9800	5.6000	0.0000	1.0000	true	false
1.9800	5.6500	0.0000	1.0000	true	false
1.9800	5.7000	0.0000	1.0000	true	false
1.9800	5.7500	0.0000	1.0000	true	false
1.9800	5.8000	0.0000	1.0000	true	false
1.9800	5.8500	0.0000	1.0000	true	false
1.9800	5.9000	0.0000	1.0000	true	false
1.9800	5.9500	0.0000	1.0000	true	false
1.9800	6.0000	0.0000	1.0000	true	false
1.9800	6.0500	0.0000	1.0000	true	false
1.9800	6.1000	0.0000	1.0000	true	false
1.9800	6.1500	0.0000	1.0000	true	false
1.9800	6.2000	0.0000	1.0000	true	false
1.9800	6.2500	0.0000	1.0000	true	false
1.9800	6.3000	0.0000	1.0000	true	false
1.9800	6.3500	0.0000	1.0000	true	false
1.9800	6.4000	0.0000	1.0000	true	false
1.9800	6.4500	0.0000	1.0000	true	false
1.9800	6.5000	0.0000	1.0000	true	false
1.9800	6.5500	0.0000	1.0000	true	false
1.9800	6.6000	0.0000	1.0000	true	false
1.9800	6.6500	0.0000	1.0000	true	false
1.9800	6.7000	0.0000	1.0000	true	false
1.9800	6.7500	0.0000	1.0000	true	false
1.9800	6.8000	0.0000	1.0000	true	false
1.9800	6.8500	0.0000	1.0000	true	false
1.9800	6.9000	0.0000	1.0000	true	false
1.9800	6.9500	0.0000	1.0000	true	false
1.9800	7.0000	0.0000	1.0000	true	false
1.9800	7.0500	0.0000	1.0000	true	false
1.9800	7.1000	0.0000	1.0000	true	false
1.9800	7.1500	0.0000	1.0000	true	false
1.9800	7.2000	0.0000	1.0000	true	false
1.9800	7.2500	0.0000	1.0000	true	false
1.9800	7.3000	0.0000	1.0000	true	false
1.9800	7.3500	0.0000	1.0000	true	false
1.9800	7.4000	0.0000	1.0000	true	false
1.9800	7.4500	0.0000	1.0000	true	false
1.9800	7.5000	0.0000	1.0000	true	false
1.9800	7.5500	0.0000	1.0000	true	false
1.9800	7.6000	0.0000	1.0000	true	false
1.9800	7.6500	0.0000	1.0000	true	false
1.9800	7.7000	0.0000	1.0000	true	false
1.9800	7.7500	0.0000	1.0000	true	false
1.9800	7.8000	0.0000	1.0000	true	false
1.9800	7.8500	0.0000	1.0000	true	false
1.9800	7.9000	0.0000	1.0000	true	false
1.9800	7.9500	0.0000	1.0000	true	false
1.9800	8.0000	0.0000	1.0000	true	false
1.9800	8.0500	0.0000	1.0000	true	false
1.9800	8.1000	0.0000	1.0000	true	false
1.9800	8.1500	0.0000	1.0000	true	false
1.9800	8.2000	0.0000	1.0000	true	false
1.9800	8.2500	0.0000	1.0000	true	false
1.9800	8.3000	0.0000	1.0000	true	false
1.9800	8.3500	0.0000	1.0000	true	false
1.9800	8.4000	0.0000	1.0000	true	false
1.9800	8.4500	0.0000	1.0000	true	false
1.9800	8.5000	0.0000	1.0000	true	false
1.9800	8.5500	0.0000	1.0000	true	false
1.9800	8.6000	0.0000	1.0000	true	false
1.9800	8.6500	0.0000	1.0000	true	false
1.9800	8.7000	0.0000	1.0000	true	false
1.9800	8.7500	0.0000	1.0000	true	false
1.9800	8.8000	0.0000	1.0000	true	false
1.9800	8.8500	0.0000	1.0000	true	false
1.9800	8.9000	0.0000	1.0000	true	false
1.9800	8.9500	0.0000	1.0000	true	false
1.9800	9.0000	0.0000	1.0000	true	false
1.9800	9.0500	0.0000	1.0000	true	false
1.9800	9.1000	0.0000	1.0000	true	false
1.9800	9.1500	0.0000	1.0000	true	false
1.9800	9.2000	0.0000	1.0000	true	false
1.9800	9.2500	0.0000	1.0000	true	false
1.9800	9.3000	0.0000	1.0000	true	false
1.9800	9.3500	0.0000	1.0000	true	false
1.9800	9.4000	0.0000	1.0000	true	false
1.9800	9.4500	0.0000	1.0000	true	false
1.9800	9.5000	0.0000	1.0000	true	false
1.9800	9.5500	0.0000	1.0000	true	false
1.9800	9.6000	0.0000	1.0000	true	false
1.9800	9.6500	0.0000	1.0000	true	false
1.9800	9.7000	0.0000	1.0000	true	false
1.9800	9.7500	0.0000	1.0000	true	false
1.9800	9.8000	0.0000	1.0000	true	false
1.9800	9.8500	0.0000	1.0000	true	false
1.9800	9.9000	0.0000	1.0000	true	false
1.9800	9.9500	0.0000	1.0000	true	false
1.9800	10.0000	0.0000	1.0000	true	false
0.9900	0.0000	0.0000	1.0000	true	false
0.9900	0.0500	0.0000	1.0000	true	false
0.9900	0.1000	0.0000	1.0000	true	false
0.9900	0.1500	0.0000	1.0000	true	false
0.9900	0.2000	0.0000	1.0000	true	false
0.9900	0.2500	0.0000	1.0000	true	false
0.9900	0.3000	0.0000	1.0000	true	false
0.9900	0.3500	0.0000	1.0000	true	false
0.9900	0.4000	0.0000	1.0000	true	false
0.9900	0.4500	0.0000	1.0000	true	false
0.9900	0.5000	0.0000	1.0000	true	false
0.9900	0.5500	0.6727	1.0000	true	false
0.9900	0.6000	3.3977	1.0000	true	false
0.9900	0.6500	40.7086	1.0000	true	false
0.9900	0.7000	99.0927	1.0000	true	false
0.9900	0.7500	207.2283	1.0000	true	false
0.9900	0.8000	376.0693	1.0000	true	false
0.9900	0.8500	595.5028	1.0000	true	false
0.9900	0.9000	824.3858	1.0000	true	false
0.9900	0.9500	999.7892	1.0000	true	false
0.9900	1.0000	1063.0000	1.0000	true	false
0.9900	1.0500	982.7234	1.0000	true	false
0.9900	1.1000	804.4746	1.0000	true	false
0.9900	1.1500	580.2506	1.0000	true	false
0.9900	1.2000	372.1038	1.0000	true	false
0.9900	1.2500	215.7851	1.0000	true	false
0.9900	1.3000	109.8088	1.0000	true	false
0.9900	1.3500	53.9678	1.0000	true	false
0.9900	1.4000	10.2660	1.0000	true	false
0.9900	1.4500	1.0364	1.0000	true	false
0.9900	1.5000	0.2000	1.0000	true	false
0.9900	1.5500	0.0000	1.0000	true	false
0.9900	1.6000	0.0000	1.0000	true	false
0.9900	1.6500	0.0000	1.0000	true	false
0.9900	1.7000	0.0000	1.0000	true	false
0.9900	1.7500	0.0000	1.0000	true	false
0.9900	1.8000	0.0000	1.0000	true	false
0.9900	1.8500	0.0000	1.0000	true	false
0.9900	1.9000	0.0000	1.0000	true	false
0.9900	1.9500	0.0000	1.0000	true	false
0.9900	2.0000	0.0000	1.0000	true	false
0.9900	2.0500	0.0000	1.0000	true	false
0.9900	2.1000	0.0000	1.0000	true	false
0.9900	2.1500	0.0000	1.0000	true	false
0.9900	2.2000	0.0000	1.0000	true	false
0.9900	2.2500	0.0000	1.0000	true	false
0.9900	2.3000	0.0000	1.0000	true	false
0.9900	2.3500	0.0000	1.0000	true	false
0.9900	2.4000	0.0000	1.0000	true	false
0.9900	2.4500	0.0000	1.0000	true	false
0.9900	2.5000	0.0000	1.0000	true	false
0.9900	2.5500	0.0000	1.0000	true	false
0.9900	2.6000	0.0000	1.0000	true	false
0.9900	2.6500	0.0000	1.0000	true	false
0.9900	2.7000	0.0000	1.0000	true	false
0.9900	2.7500	0.0000	1.0000	true	false
0.9900	2.8000	0.0000	1.0000	true	false
0.9900	2.8500	0.0000	1.0000	true	false
0.9900	2.9000	0.0000	1.0000	true	false
0.9900	2.9500	0.0000	1.0000	true	false
0.9900	3.0000	0.0000	1.0000	true	false
0.9900	3.0500	0.0000	1.0000	true	false
0.9900	3.1000	0.0000	1.0000	true	false
0.9900	3.1500	0.0000	1.0000	true	false
0.9900	3.2000	0.0000	1.0000	true	false
0.9900	3.2500	0.0000	1.0000	true	false
0.9900	3.3000	0.0000	1.0000	true	false
0.9900	3.3500	0.0000	1.0000	true	false
0.9900	3.4000	0.0000	1.0000	true	false
0.9900	3.4500	0.0000	1.0000	true	false
0.9900	3.5000	0.0000	1.0000	true	false
0.9900	3.5500	0.0000	1.0000	true	false
0.9900	3.6000	0.0000	1.0000	true	false
0.9900	3.6500	0.0000	1.0000	true	false
0.9900	3.7000	0.0000	1.0000	true	false
0.9900	3.7500	0.0000	1.0000	true	false
0.9900	3.8000	0.0000	1.0000	true	false
0.9900	3.8500	0.0000	1.0000	true	false
0.9900	3.9000	0.0000	1.0000	true	false
0.9900	3.9500	0.0000	1.0000	true	false
0.9900	4.0000	0.0000	1.0000	true	false
0.9900	4.0500	0.0000	1.0000	true	false
0.9900	4.1000	0.0000	1.0000	true	false
0.9900	4.1500	0.0000	1.0000	true	false
0.9900	4.2000	0.0000	1.0000	true	false
0.9900	4.2500	0.0000	1.0000	true	false
0.9900	4.3000	0.0000	1.0000	true	false
0.9900	4.3500	0.0000	1.0000	true	false
0.9900	4.4000	0.0000	1.0000	true	false
0.9900	4.4500	0.0000	1.0000	true	false
0.9900	4.5000	0.0000	1.0000	true	false
0.9900	4.5500	0.0000	1.0000	true	false
0.9900	4.6000	0.0000	1.0000	true	false
0.9900	4.6500	0.0000	1.0000	true	false
0.9900	4.7000	0.0000	1.0000	true	false
0.9900	4.7500	0.0000	1.0000	true	false
0.9900	4.8000	0.0000	1.0000	true	false
0.9900	4.8500	0.0000	1.0000	true	false
0.9900	4.9000	0.0000	1.0000	true	false
0.9900	4.9500	0.0000	1.0000	true	false
0.9900	5.0000	0.0000	1.0000	true	false
0.9900	5.0500	0.0000	1.0000	true	false
0.9900	5.1000	0.0000	1.0000	true	false
0.9900	5.1500	0.0000	1.0000	true	false
0.9900	5.2000	0.0000	1.0000	true	false
0.9900	5.2500	0.0000	1.0000	true	false
0.9900	5.3000	0.0000	1.0000	true	false
0.9900	5.3500	0.0000	1.0000	true	false
0.9900	5.4000	0.0000	1.0000	true	false
0.9900	5.4500	0.0000	1.0000	true	false
0.9900	5.5000	0.0000	1.0000	true	false
0.9900	5.5500	0.0000	1.0000	true	false
0.9900	5.6000	0.0000	1.0000	true	false
0.9900	5.6500	0.0000	1.0000	true	false
0.9900	5.7000	0.0000	1.0000	true	false
0.9900	5.7500	0.0000	1.0000	true	false
0.9900	5.8000	0.0000	1.0000	true	false
0.9900	5.8500	0.0000	1.0000	true	false
0.9900	5.9000	0.0000	1.0000	true	false
0.9900	5.9500	0.0000	1.0000	true	false
0.9900	6.0000	0.0000	1.0000	true	false
0.9900	6.0500	0.0000	1.0000	true	false
0.9900	6.1000	0.0000	1.0000	true	false
0.9900	6.1500	0.0000	1.0000	true	false
0.9900	6.2000	0.0000	1.0000	true	false
0.9900	6.2500	0.0000	1.0000	true	false
0.9900	6.3000	0.0000	1.0000	true	false
0.9900	6.3500	0.0000	1.0000	true	false
0.9900	6.4000	0.0000	1.0000	true	false
0.9900	6.4500	0.0000	1.0000	true	false
0.9900	6.5000	0.0000	1.0000	true	false
0.9900	6.5500	0.0000	1.0000	true	false
0.9900	6.6000	0.0000	1.0000	true	false
0.9900	6.6500	0.0000	1.0000	true	false
0.9900	6.7000	0.0000	1.0000	true	false
0.9900	6.7500	0.0000	1.0000	true	false
0.9900	6.8000	0.0000	1.0000	true	false
0.9900	6.8500	0.0000	1.0000	true	false
0.9900	6.9000	0.0000	1.0000	true	false
0.9900	6.9500	0.0000	1.0000	true	false
0.9900	7.0000	0.0000	1.0000	true	false
0.9900	7.0500	0.0000	1.0000	true	false
0.9900	7.1000	0.0000	1.0000	true	false
0.9900	7.1500	0.0000	1.0000	true	false
0.9900	7.2000	0.0000	1.0000	true	false
0.9900	7.2500	0.0000	1.0000	true	false
0.9900	7.3000	0.0000	1.0000	true	false
0.9900	7.3500	0.0000	1.0000	true	false
0.9900	7.4000	0.0000	1.0000	true	false
0.9900	7.4500	0.0000	1.0000	true	false
0.9900	7.5000	0.0000	1.0000	true	false
0.9900	7.5500	0.0000	1.0000	true	false
0.9900	7.6000	0.0000	1.0000	true	false
0.9900	7.6500	0.0000	1.0000	true	false
0.9900	7.7000	0.0000	1.0000	true	false
0.9900	7.7500	0.0000	1.0000	true	false
0.9900	7.8000	0.0000	1.0000	true	false
0.9900	7.8500	0.0000	1.0000	true	false
0.9900	7.9000	0.0000	1.0000	true	false
0.9900	7.9500	0.0000	1.0000	true	false
0.9900	8.0000	0.0000	1.0000	true	false
0.9900	8.0500	0.0000	1.0000	true	false
0.9900	8.1000	0.0000	1.0000	true	false
0.9900	8.1500	0.0000	1.0000	true	false
0.9900	8.2000	0.0000	1.0000	true	false
0.9900	8.2500	0.0000	1.0000	true	false
0.9900	8.3000	0.0000	1.0000	true	false
0.9900	8.3500	0.0000	1.0000	true	false
0.9900	8.4000	0.0000	1.0000	true	false
0.9900	8.4500	0.0000	1.0000	true	false
0.9900	8.5000	0.0000	1.0000	true	false
0.9900	8.5500	0.0000	1.0000	true	false
0.9900	8.6000	0.0000	1.0000	true	false
0.9900	8.6500	0.0000	1.0000	true	false
0.9900	8.7000	0.0000	1.0000	true	false
0.9900	8.7500	0.0000	1.0000	true	false
0.9900	8.8000	0.0000	1.0000	true	false
0.9900	8.8500	0.0000	1.0000	true	false
0.9900	8.9000	0.0000	1.0000	true	false
0.9900	8.9500	0.0000	1.0000	true	false
0.9900	9.0000	0.0000	1.0000	true	false
0.9900	9.0500	0.0000	1.0000	true	false
0.9900	9.1000	0.0000	1.0000	true	false
0.9900	9.1500	0.0000	1.0000	true	false
0.9900	9.2000	0.0000	1.0000	true	false
0.9900	9.2500	0.0000	1.0000	true	false
0.9900	9.3000	0.0000	1.0000	true	false
0.9900	9.3500	0.0000	1.0000	true	false
0.9900	9.4000	0.0000	1.0000	true	false
0.9900	9.4500	0.0000	1.0000	true	false
0.9900	9.5000	0.0000	1.0000	true	false
0.9900	9.5500	0.0000	1.0000	true	false
0.9900	9.6000	0.0000	1.0000	true	false
0.9900	9.6500	0.0000	1.0000	true	false
0.9900	9.7000	0.0000	1.0000	true	false
0.9900	9.7500	0.0000	1.0000	true	false
0.9900	9.8000	0.0000	1.0000	true	false
0.9900	9.8500	0.0000	1.0000	true	false
0.9900	9.9000	0.0000	1.0000	true	false
0.9900	9.9500	0.0000	1.0000	true	false
0.9900	10.0000	0.0000	1.0000	true	false
1.9500	0.0000	0.0000	0.0109	false	false
1.9500	0.0500	0.0000	0.0109	false	false
1.9500	0.1000	0.0000	0.0109	false	false
1.9500	0.1500	0.0000	0.0109	false	false
1.9500	0.2000	0.0000	0.0109	false	false
1.9500	0.2500	0.0000	0.0109	false	false
1.9500	0.3000	0.0000	0.0109	false	false
1.9500	0.3500	0.0000	0.0109	false	false
1.9500	0.4000	0.0000	0.0109	false	false
1.9500	0.4500	0.0000	0.0109	false	false
1.9500	0.5000	0.0000	0.0109	false	false
1.9500	0.5500	0.0000	0.0109	false	false
1.9500	0.6000	0.0000	0.0109	false	false
1.9500	0.6500	0.0000	0.0109	false	false
1.9500	0.7000	0.0000	0.0109	false	false
1.9500	0.7500	0.0000	0.0109	false	false
1.9500	0.8000	0.0000	0.0109	false	false
1.9500	0.8500	0.0000	0.0109	false	false
1.9500	0.9000	0.0000	0.0109	false	false
1.9500	0.9500	0.0000	0.0109	false	false
1.9500	1.0000	0.0000	0.0109	false	false
1.9500	1.0500	0.0000	0.0109	false	false
1.9500	1.1000	0.0000	0.0109	false	false
1.9500	1.1500	0.0000	0.0109	false	false
1.9500	1.2000	0.0000	0.0109	false	false
1.9500	1.2500	0.0000	0.0109	false	false
1.9500	1.3000	0.0000	0.0109	false	false
1.9500	1.3500	0.0049	0.0109	false	false
1.9500	1.4000	0.0049	0.0109	false	false
1.9500	1.4500	0.0239	0.0109	false	false
1.9500	1.5000	0.3182	0.0109	false	false
1.9500	1.5500	1.2679	0.0109	false	false
1.9500	1.6000	2.4141	0.0109	false	false
1.9500	1.6500	4.2474	0.0109	false	false
1.9500	1.7000	7.0392	0.0109	false	false
1.9500	1.7500	10.6922	0.0109	false	false
1.9500	1.8000	14.8716	0.0109	false	false
1.9500	1.8500	18.7241	0.0109	false	false
1.9500	1.9000	21.6051	0.0109	false	false
1.9500	1.9500	22.5189	0.0109	false	false
1.9500	2.0000	20.9274	0.0109	false	false
1.9500	2.0500	17.5160	0.0109	false	false
1.9500	2.1000	13.2898	0.0109	false	false
1.9500	2.1500	9.1996	0.0109	false	false
1.9500	2.2000	5.7538	0.0109	false	false
1.9500	2.2500	3.2920	0.0109	false	false
1.9500	2.3000	1.6692	0.0109	false	false
1.9500	2.3500	0.9138	0.0109	false	false
1.9500	2.4000	0.1113	0.0109	false	false
1.9500	2.4500	0.0146	0.0109	false	false
1.9500	2.5000	0.0049	0.0109	false	false
1.9500	2.5500	0.0026	0.0109	false	false
1.9500	2.6000	0.0000	0.0109	false	false
1.9500	2.6500	0.0000	0.0109	false	false
1.9500	2.7000	0.0000	0.0109	false	false
1.9500	2.7500	0.0000	0.0109	false	false
1.9500	2.8000	0.0000	0.0109	false	false
1.9500	2.8500	0.0000	0.0109	false	false
1.9500	2.9000	0.0000	0.0109	false	false
1.9500	2.9500	0.0000	0.0109	false	false
1.9500	3.0000	0.0000	0.0109	false	false
1.9500	3.0500	0.0000	0.0109	false	false
1.9500	3.1000	0.0000	0.0109	false	false
1.9500	3.1500	0.0000	0.0109	false	false
1.9500	3.2000	0.0000	0.0109	false	false
1.9500	3.2500	0.0000	0.0109	false	false
1.9500	3.3000	0.0000	0.0109	false	false
1.9500	3.3500	0.0000	0.0109	false	false
1.9500	3.4000	0.0000	0.0109	false	false
1.9500	3.4500	0.0000	0.0109	false	false
1.9500	3.5000	0.0000	0.0109	false	false
1.9500	3.5500	0.0000	0.0109	false	false
1.9500	3.6000	0.0000	0.0109	false	false
1.9500	3.6500	0.0000	0.0109	false	false
1.9500	3.7000	0.0000	0.0109	false	false
1.9500	3.7500	0.0000	0.0109	false	false
1.9500	3.8000	0.0000	0.0109	false	false
1.9500	3.8500	0.0000	0.0109	false	false
1.9500	3.9000	0.0000	0.0109	false	false
1.9500	3.9500	0.0000	0.0109	false	false
1.9500	4.0000	0.0000	0.0109	false	false
1.9500	4.0500	0.0000	0.0109	false	false
1.9500	4.1000	0.0000	0.0109	false	false
1.9500	4.1500	0.0000	0.0109	false	false
1.9500	4.2000	0.0000	0.0109	false	false
1.9500	4.2500	0.0000	0.0109	false	false
1.9500	4.3000	0.0000	0.0109	false	false
1.9500	4.3500	0.0000	0.0109	false	false
1.9500	4.4000	0.0000	0.0109	false	false
1.9500	4.4500	0.0000	0.0109	false	false
1.9500	4.5000	0.0000	0.0109	false	false
1.9500	4.5500	0.0000	0.0109	false	false
1.9500	4.6000	0.0000	0.0109	false	false
1.9500	4.6500	0.0000	0.0109	false	false
1.9500	4.7000	0.0000	0.0109	false	false
1.9500	4.7500	0.0000	0.0109	false	false
1.9500	4.8000	0.0000	0.0109	false	false
1.9500	4.8500	0.0000	0.0109	false	false
1.9500	4.9000	0.0000	0.0109	false	false
1.9500	4.9500	0.0000	0.0109	false	false
1.9500	5.0000	0.0000	0.0109	false	false
1.9500	5.0500	0.0000	0.0109	false	false
1.9500	5.1000	0.0000	0.0109	false	false
1.9500	5.1500	0.0000	0.0109	false	false
1.9500	5.2000	0.0000	0.0109	false	false
1.9500	5.2500	0.0000	0.0109	false	false
1.9500	5.3000	0.0000	0.0109	false	false
1.9500	5.3500	0.0000	0.0109	false	false
1.9500	5.4000	0.0000	0.0109	false	false
1.9500	5.4500	0.0000	0.0109	false	false
1.9500	5.5000	0.0000	0.0109	false	false
1.9500	5.5500	0.0000	0.0109	false	false
1.9500	5.6000	0.0000	0.0109	false	false
1.9500	5.6500	0.0000	0.0109	false	false
1.9500	5.7000	0.0000	0.0109	false	false
1.9500	5.7500	0.0000	0.0109	false	false
1.9500	5.8000	0.0000	0.0109	false	false
1.9500	5.8500	0.0000	0.0109	false	false
1.9500	5.9000	0.0000	0.0109	false	false
1.9500	5.9500	0.0000	0.0109	false	false
1.9500	6.0000	0.0000	0.0109	false	false
1.9500	6.0500	0.0000	0.0109	false	false
1.9500	6.1000	0.0000	0.0109	false	false
1.9500	6.1500	0.0000	0.0109	false	false
1.9500	6.2000	0.0000	0.0109	false	false
1.9500	6.2500	0.0000	0.0109	false	false
1.9500	6.3000	0.0000	0.0109	false	false
1.9500	6.3500	0.0000	0.0109	false	false
1.9500	6.4000	0.0000	0.0109	false	false
1.9500	6.4500	0.0000	0.0109	false	false
1.9500	6.5000	0.0000	0.0109	false	false
1.9500	6.5500	0.0000	0.0109	false	false
1.9500	6.6000	0.0000	0.0109	false	false
1.9500	6.6500	0.0000	0.0109	false	false
1.9500	6.7000	0.0000	0.0109	false	false
1.9500	6.7500	0.0000	0.0109	false	false
1.9500	6.8000	0.0000	0.0109	false	false
1.9500	6.8500	0.0000	0.0109	false	false
1.9500	6.9000	0.0000	0.0109	false	false
1.9500	6.9500	0.0000	0.0109	false	false
1.9500	7.0000	0.0000	0.0109	false	false
1.9500	7.0500	0.0000	0.0109	false	false
1.9500	7.1000	0.0000	0.0109	false	false
1.9500	7.1500	0.0000	0.0109	false	false
1.9500	7.2000	0.0000	0.0109	false	false
1.9500	7.2500	0.0000	0.0109	false	false
1.9500	7.3000	0.0000	0.0109	false	false
1.9500	7.3500	0.0000	0.0109	false	false
1.9500	7.4000	0.0000	0.0109	false	false
1.9500	7.4500	0.0000	0.0109	false	false
1.9500	7.5000	0.0000	0.0109	false	false
1.9500	7.5500	0.0000	0.0109	false	false
1.9500	7.6000	0.0000	0.0109	false	false
1.9500	7.6500	0.0000	0.0109	false	false
1.9500	7.7000	0.0000	0.0109	false	false
1.9500	7.7500	0.0000	0.0109	false	false
1.9500	7.8000	0.0000	0.0109	false	false
1.9500	7.8500	0.0000	0.0109	false	false
1.9500	7.9000	0.0000	0.0109	false	false
1.9500	7.9500	0.0000	0.0109	false	false
1.9500	8.0000	0.0000	0.0109	false	false
1.9500	8.0500	0.0000	0.0109	false	false
1.9500	8.1000	0.0000	0.0109	false	false
1.9500	8.1500	0.0000	0.0109	false	false
1.9500	8.2000	0.0000	0.0109	false	false
1.9500	8.2500	0.0000	0.0109	false	false
1.9500	8.3000	0.0000	0.0109	false	false
1.9500	8.3500	0.0000	0.0109	false	false
1.9500	8.4000	0.0000	0.0109	false	false
1.9500	8.4500	0.0000	0.0109	false	false
1.9500	8.5000	0.0000	0.0109	false	false
1.9500	8.5500	0.0000	0.0109	false	false
1.9500	8.6000	0.0000	0.0109	false	false
1.9500	8.6500	0.0000	0.0109	false	false
1.9500	8.7000	0.0000	0.0109	false	false
1.9500	8.7500	0.0000	0.0109	false	false
1.9500	8.8000	0.0000	0.0109	false	false
1.9500	8.8500	0.0000	0.0109	false	false
1.9500	8.9000	0.0000	0.0109	false	false
1.9500	8.9500	0.0000	0.0109	false	false
1.9500	9.0000	0.0000	0.0109	false	false
1.9500	9.0500	0.0000	0.0109	false	false
1.9500	9.1000	0.0000	0.0109	false	false
1.9500	9.1500	0.0000	0.0109	false	false
1.9500	9.2000	0.0000	0.0109	false	false
1.9500	9.2500	0.0000	0.0109	false	false
1.9500	9.3000	0.0000	0.0109	false	false
1.9500	9.3500	0.0000	0.0109	false	false
1.9500	9.4000	0.0000	0.0109	false	false
1.9500	9.4500	0.0000	0.0109	false	false
1.9500	9.5000	0.0000	0.0109	false	false
1.9500	9.5500	0.0000	0.0109	false	false
1.9500	9.6000	0.0000	0.0109	false	false
1.9500	9.6500	0.0000	0.0109	false	false
1.9500	9.7000	0.0000	0.0109	false	false
1.9500	9.7500	0.0000	0.0109	false	false
1.9500	9.8000	0.0000	0.0109	false	false
1.9500	9.8500	0.0000	0.0109	false	false
1.9500	9.9000	0.0000	0.0109	false	false
1.9500	9.9500	0.0000	0.0109	false	false
1.9500	10.0000	0.0000	0.0109	false	false
2.0700	0.0000	0.0000	0.1146	false	false
2.0700	0.0500	0.0000	0.1146	false	false
2.0700	0.1000	0.0000	0.1146	false	false
2.0700	0.1500	0.0000	0.1146	false	false
2.0700	0.2000	0.0000	0.1146	false	false
2.0700	0.2500	0.0000	0.1146	false	false
2.0700	0.3000	0.0000	0.1146	false	false
2.0700	0.3500	0.0000	0.1146	false	false
2.0700	0.4000	0.0000	0.1146	false	false
2.0700	0.4500	0.0000	0.1146	false	false
2.0700	0.5000	0.0000	0.1146	false	false
2.0700	0.5500	0.0000	0.1146	false	false
2.0700	0.6000	0.0000	0.1146	false	false
2.0700	0.6500	0.0000	0.1146	false	false
2.0700	0.7000	0.0000	0.1146	false	false
2.0700	0.7500	0.0000	0.1146	false	false
2.0700	0.8000	0.0000	0.1146	false	false
2.0700	0.8500	0.0000	0.1146	false	false
2.0700	0.9000	0.0000	0.1146	false	false
2.0700	0.9500	0.0000	0.1146	false	false
2.0700	1.0000	0.0000	0.1146	false	false
2.0700	1.0500	0.0000	0.1146	false	false
2.0700	1.1000	0.0000	0.1146	false	false
2.0700	1.1500	0.0000	0.1146	false	false
2.0700	1.2000	0.0000	0.1146	false	false
2.0700	1.2500	0.0000	0.1146	false	false
2.0700	1.3000	0.0000	0.1146	false	false
2.0700	1.3500	0.0000	0.1146	false	false
2.0700	1.4000	0.0000	0.1146	false	false
2.0700	1.4500	0.0748	0.1146	false	false
2.0700	1.5000	0.0869	0.1146	false	false
2.0700	1.5500	0.5215	0.1146	false	false
2.0700	1.6000	6.2130	0.1146	false	false
2.0700	1.6500	13.4141	0.1146	false	false
2.0700	1.7000	28.7735	0.1146	false	false
2.0700	1.7500	47.2567	0.1146	false	false
2.0700	1.8000	77.8220	0.1146	false	false
2.0700	1.8500	115.8181	0.1146	false	false
2.0700	1.9000	155.4536	0.1146	false	false
2.0700	1.9500	190.9130	0.1146	false	false
2.0700	2.0000	212.6969	0.1146	false	false
2.0700	2.0500	213.9428	0.1146	false	false
2.0700	2.1000	193.2361	0.1146	false	false
2.0700	2.1500	156.8805	0.1146	false	false
2.0700	2.2000	114.3542	0.1146	false	false
2.0700	2.2500	76.2546	0.1146	false	false
2.0700	2.3000	46.2556	0.1146	false	false
2.0700	2.3500	26.4505	0.1146	false	false
2.0700	2.4000	11.5583	0.1146	false	false
2.0700	2.4500	6.4042	0.1146	false	false
2.0700	2.5000	-0.0186	0.1146	false	false
2.0700	2.5500	0.2115	0.1146	false	false
2.0700	2.6000	0.0724	0.1146	false	false
2.0700	2.6500	0.0073	0.1146	false	false
2.0700	2.7000	0.0000	0.1146	false	false
2.0700	2.7500	0.0000	0.1146	false	false
2.0700	2.8000	0.0000	0.1146	false	false
2.0700	2.8500	0.0000	0.1146	false	false
2.0700	2.9000	0.0000	0.1146	false	false
2.0700	2.9500	0.0000	0.1146	false	false
2.0700	3.0000	0.0000	0.1146	false	false
2.0700	3.0500	0.0000	0.1146	false	false
2.0700	3.1000	0.0000	0.1146	false	false
2.0700	3.1500	0.0000	0.1146	false	false
2.0700	3.2000	0.0000	0.1146	false	false
2.0700	3.2500	0.0000	0.1146	false	false
2.0700	3.3000	0.0000	0.1146	false	false
2.0700	3.3500	0.0000	0.1146	false	false
2.0700	3.4000	0.0000	0.1146	false	false
2.0700	3.4500	0.0000	0.1146	false	false
2.0700	3.5000	0.0000	0.1146	false	false
2.0700	3.5500	0.0000	0.1146	false	false
2.0700	3.6000	0.0000	0.1146	false	false
2.0700	3.6500	0.0000	0.1146	false	false
2.0700	3.7000	0.0000	0.1146	false	false
2.0700	3.7500	0.0000	0.1146	false	false
2.0700	3.8000	0.0000	0.1146	false	false
2.0700	3.8500	0.0000	0.1146	false	false
2.0700	3.9000	0.0000	0.1146	false	false
2.0700	3.9500	0.0000	0.1146	false	false
2.0700	4.0000	0.0000	0.1146	false	false
2.0700	4.0500	0.0000	0.1146	false	false
2.0700	4.1000	0.0000	0.1146	false	false
2.0700	4.1500	0.0000	0.1146	false	false
2.0700	4.2000	0.0000	0.1146	false	false
2.0700	4.2500	0.0000	0.1146	false	false
2.0700	4.3000	0.0000	0.1146	false	false
2.0700	4.3500	0.0000	0.1146	false	false
2.0700	4.4000	0.0000	0.1146	false	false
2.0700	4.4500	0.0000	0.1146	false	false
2.0700	4.5000	0.0000	0.1146	false	false
2.0700	4.5500	0.0000	0.1146	false	false
2.0700	4.6000	0.0000	0.1146	false	false
2.0700	4.6500	0.0000	0.1146	false	false
2.0700	4.7000	0.0000	0.1146	false	false
2.0700	4.7500	0.0000	0.1146	false	false
2.0700	4.8000	0.0000	0.1146	false	false
2.0700	4.8500	0.0000	0.1146	false	false
2.0700	4.9000	0.0000	0.1146	false	false
2.0700	4.9500	0.0000	0.1146	false	false
2.0700	5.0000	0.0000	0.1146	false	false
2.0700	5.0500	0.0000	0.1146	false	false
2.0700	5.1000	0.0000	0.1146	false	false
2.0700	5.1500	0.0000	0.1146	false	false
2.0700	5.2000	0.0000	0.1146	false	false
2.0700	5.2500	0.0000	0.1146	false	false
2.0700	5.3000	0.0000	0.1146	false	false
2.0700	5.3500	0.0000	0.1146	false	false
2.0700	5.4000	0.0000	0.1146	false	false
2.0700	5.4500	0.0000	0.1146	false	false
2.0700	5.5000	0.0000	0.1146	false	false
2.0700	5.5500	0.0000	0.1146	false	false
2.0700	5.6000	0.0000	0.1146	false	false
2.0700	5.6500	0.0000	0.1146	false	false
2.0700	5.7000	0.0000	0.1146	false	false
2.0700	5.7500	0.0000	0.1146	false	false
2.0700	5.8000	0.0000	0.1146	false	false
2.0700	5.8500	0.0000	0.1146	false	false
2.0700	5.9000	0.0000	0.1146	false	false
2.0700	5.9500	0.0000	0.1146	false	false
2.0700	6.0000	0.0000	0.1146	false	false
2.0700	6.0500	0.0000	0.1146	false	false
2.0700	6.1000	0.0000	0.1146	false	false
2.0700	6.1500	0.0000	0.1146	false	false
2.0700	6.2000	0.0000	0.1146	false	false
2.0700	6.2500	0.0000	0.1146	false	false
2.0700	6.3000	0.0000	0.1146	false	false
2.0700	6.3500	0.0000	0.1146	false	false
2.0700	6.4000	0.0000	0.1146	false	false
2.0700	6.4500	0.0000	0.1146	false	false
2.0700	6.5000	0.0000	0.1146	false	false
2.0700	6.5500	0.0000	0.1146	false	false
2.0700	6.6000	0.0000	0.1146	false	false
2.0700	6.6500	0.0000	0.1146	false	false
2.0700	6.7000	0.0000	0.1146	false	false
2.0700	6.7500	0.0000	0.1146	false	false
2.0700	6.8000	0.0000	0.1146	false	false
2.0700	6.8500	0.0000	0.1146	false	false
2.0700	6.9000	0.0000	0.1146	false	false
2.0700	6.9500	0.0000	0.1146	false	false
2.0700	7.0000	0.0000	0.1146	false	false
2.0700	7.0500	0.0000	0.1146	false	false
2.0700	7.1000	0.0000	0.1146	false	false
2.0700	7.1500	0.0000	0.1146	false	false
2.0700	7.2000	0.0000	0.1146	false	false
2.0700	7.2500	0.0000	0.1146	false	false
2.0700	7.3000	0.0000	0.1146	false	false
2.0700	7.3500	0.0000	0.1146	false	false
2.0700	7.4000	0.0000	0.1146	false	false
2.0700	7.4500	0.0000	0.1146	false	false
2.0700	7.5000	0.0000	0.1146	false	false
2.0700	7.5500	0.0000	0.1146	false	false
2.0700	7.6000	0.0000	0.1146	false	false
2.0700	7.6500	0.0000	0.1146	false	false
2.0700	7.7000	0.0000	0.1146	false	false
2.0700	7.7500	0.0000	0.1146	false	false
2.0700	7.8000	0.0000	0.1146	false	false
2.0700	7.8500	0.0000	0.1146	false	false
2.0700	7.9000	0.0000	0.1146	false	false
2.0700	7.9500	0.0000	0.1146	false	false
2.0700	8.0000	0.0000	0.1146	false	false
2.0700	8.0500	0.0000	0.1146	false	false
2.0700	8.1000	0.0000	0.1146	false	false
2.0700	8.1500	0.0000	0.1146	false	false
2.0700	8.2000	0.0000	0.1146	false	false
2.0700	8.2500	0.0000	0.1146	false	false
2.0700	8.3000	0.0000	0.1146	false	false
2.0700	8.3500	0.0000	0.1146	false	false
2.0700	8.4000	0.0000	0.1146	false	false
2.0700	8.4500	0.0000	0.1146	false	false
2.0700	8.5000	0.0000	0.1146	false	false
2.0700	8.5500	0.0000	0.1146	false	false
2.0700	8.6000	0.0000	0.1146	false	false
2.0700	8.6500	0.0000	0.1146	false	false
2.0700	8.7000	0.0000	0.1146	false	false
2.0700	8.7500	0.0000	0.1146	false	false
2.0700	8.8000	0.0000	0.1146	false	false
2.0700	8.8500	0.0000	0.1146	false	false
2.0700	8.9000	0.0000	0.1146	false	false
2.0700	8.9500	0.0000	0.1146	false	false
2.0700	9.0000	0.0000	0.1146	false	false
2.0700	9.0500	0.0000	0.1146	false	false
2.0700	9.1000	0.0000	0.1146	false	false
2.0700	9.1500	0.0000	0.1146	false	false
2.0700	9.2000	0.0000	0.1146	false	false
2.0700	9.2500	0.0000	0.1146	false	false
2.0700	9.3000	0.0000	0.1146	false	false
2.0700	9.3500	0.0000	0.1146	false	false
2.0700	9.4000	0.0000	0.1146	false	false
2.0700	9.4500	0.0000	0.1146	false	false
2.0700	9.5000	0.0000	0.1146	false	false
2.0700	9.5500	0.0000	0.1146	false	false
2.0700	9.6000	0.0000	0.1146	false	false
2.0700	9.6500	0.0000	0.1146	false	false
2.0700	9.7000	0.0000	0.1146	false	false
2.0700	9.7500	0.0000	0.1146	false	false
2.0700	9.8000	0.0000	0.1146	false	false
2.0700	9.8500	0.0000	0.1146	false	false
2.0700	9.9000	0.0000	0.1146	false	false
2.0700	9.9500	0.0000	0.1146	false	false
2.0700	10.0000	0.0000	0.1146	false	false
1.6000	0.0000	0.0000	0.7688	true	false
1.6000	0.0500	0.0000	0.7688	true	false
1.6000	0.1000	0.0000	0.7688	true	false
1.6000	0.1500	0.0000	0.7688	true	false
1.6000	0.2000	0.0000	0.7688	true	false
1.6000	0.2500	0.0000	0.7688	true	false
1.6000	0.3000	0.0000	0.7688	true	false
1.6000	0.3500	0.0000	0.7688	true	false
1.6000	0.4000	0.0000	0.7688	true	false
1.6000	0.4500	0.0000	0.7688	true	false
1.6000	0.5000	0.0000	0.7688	true	false
1.6000	0.5500	0.0000	0.7688	true	false
1.6000	0.6000	0.0000	0.7688	true	false
1.6000	0.6500	0.0000	0.7688	true	false
1.6000	0.7000	0.0000	0.7688	true	false
1.6000	0.7500	0.0000	0.7688	true	false
1.6000	0.8000	0.0000	0.7688	true	false
1.6000	0.8500	0.0000	0.7688	true	false
1.6000	0.9000	0.0000	0.7688	true	false
1.6000	0.9500	0.1169	0.7688	true	false
1.6000	1.0000	0.2178	0.7688	true	false
1.6000	1.0500	0.5835	0.7688	true	false
1.6000	1.1000	1.2188	0.7688	true	false
1.6000	1.1500	3.0783	0.7688	true	false
1.6000	1.2000	21.6023	0.7688	true	false
1.6000	1.2500	44.0785	0.7688	true	false
1.6000	1.3000	81.2684	0.7688	true	false
1.6000	1.3500	137.2468	0.7688	true	false
1.6000	1.4000	212.3003	0.7688	true	false
1.6000	1.4500	296.8203	0.7688	true	false
1.6000	1.5000	379.2319	0.7688	true	false
1.6000	1.5500	439.3040	0.7688	true	false
1.6000	1.6000	460.5289	0.7688	true	false
1.6000	1.6500	435.4414	0.7688	true	false
1.6000	1.7000	376.0178	0.7688	true	false
1.6000	1.7500	292.4172	0.7688	true	false
1.6000	1.8000	208.5054	0.7688	true	false
1.6000	1.8500	134.4378	0.7688	true	false
1.6000	1.9000	79.3013	0.7688	true	false
1.6000	1.9500	44.1512	0.7688	true	false
1.6000	2.0000	20.7622	0.7688	true	false
1.6000	2.0500	4.2876	0.7688	true	false
1.6000	2.1000	0.8356	0.7688	true	false
1.6000	2.1500	0.4812	0.7688	true	false
1.6000	2.2000	0.3934	0.7688	true	false
1.6000	2.2500	0.1169	0.7688	true	false
1.6000	2.3000	0.0000	0.7688	true	false
1.6000	2.3500	0.0000	0.7688	true	false
1.6000	2.4000	0.0000	0.7688	true	false
1.6000	2.4500	0.0000	0.7688	true	false
1.6000	2.5000	0.0000	0.7688	true	false
1.6000	2.5500	0.0000	0.7688	true	false
1.6000	2.6000	0.0000	0.7688	true	false
1.6000	2.6500	0.0000	0.7688	true	false
1.6000	2.7000	0.0000	0.7688	true	false
1.6000	2.7500	0.0000	0.7688	true	false
1.6000	2.8000	0.0000	0.7688	true	false
1.6000	2.8500	0.0000	0.7688	true	false
1.6000	2.9000	0.0000	0.7688	true	false
1.6000	2.9500	0.0000	0.7688	true	false
1.6000	3.0000	0.0000	0.7688	true	false
1.6000	3.0500	0.0000	0.7688	true	false
1.6000	3.1000	0.0000	0.7688	true	false
1.6000	3.1500	0.0000	0.7688	true	false
1.6000	3.2000	0.0000	0.7688	true	false
1.6000	3.2500	0.0000	0.7688	true	false
1.6000	3.3000	0.0000	0.7688	true	false
1.6000	3.3500	0.0000	0.7688	true	false
1.6000	3.4000	0.0000	0.7688	true	false
1.6000	3.4500	0.0000	0.7688	true	false
1.6000	3.5000	0.0000	0.7688	true	false
1.6000	3.5500	0.0000	0.7688	true	false
1.6000	3.6000	0.0000	0.7688	true	false
1.6000	3.6500	0.0000	0.7688	true	false
1.6000	3.7000	0.0000	0.7688	true	false
1.6000	3.7500	0.0000	0.7688	true	false
1.6000	3.8000	0.0000	0.7688	true	false
1.6000	3.8500	0.0000	0.7688	true	false
1.6000	3.9000	0.0000	0.7688	true	false
1.6000	3.9500	0.0000	0.7688	true	false
1.6000	4.0000	0.0000	0.7688	true	false
1.6000	4.0500	0.0000	0.7688	true	false
1.6000	4.1000	0.0000	0.7688	true	false
1.6000	4.1500	0.0000	0.7688	true	false
1.6000	4.2000	0.0000	0.7688	true	false
1.6000	4.2500	0.0000	0.7688	true	false
1.6000	4.3000	0.0000	0.7688	true	false
1.6000	4.3500	0.0000	0.7688	true	false
1.6000	4.4000	0.0000	0.7688	true	false
1.6000	4.4500	0.0000	0.7688	true	false
1.6000	4.5000	0.0000	0.7688	true	false
1.6000	4.5500	0.0000	0.7688	true	false
1.6000	4.6000	0.0000	0.7688	true	false
1.6000	4.6500	0.0000	0.7688	true	false
1.6000	4.7000	0.0000	0.7688	true	false
1.6000	4.7500	0.0000	0.7688	true	false
1.6000	4.8000	0.0000	0.7688	true	false
1.6000	4.8500	0.0000	0.7688	true	false
1.6000	4.9000	0.0000	0.7688	true	false
1.6000	4.9500	0.0000	0.7688	true	false
1.6000	5.0000	0.0000	0.7688	true	false
1.6000	5.0500	0.0000	0.7688	true	false
1.6000	5.1000	0.0000	0.7688	true	false
1.6000	5.1500	0.0000	0.7688	true	false
1.6000	5.2000	0.0000	0.7688	true	false
1.6000	5.2500	0.0000	0.7688	true	false
1.6000	5.3000	0.0000	0.7688	true	false
1.6000	5.3500	0.0000	0.7688	true	false
1.6000	5.4000	0.0000	0.7688	true	false
1.6000	5.4500	0.0000	0.7688	true	false
1.6000	5.5000	0.0000	0.7688	true	false
1.6000	5.5500	0.0000	0.7688	true	false
1.6000	5.6000	0.0000	0.7688	true	false
1.6000	5.6500	0.0000	0.7688	true	false
1.6000	5.7000	0.0000	0.7688	true	false
1.6000	5.7500	0.0000	0.7688	true	false
1.6000	5.8000	0.0000	0.7688	true	false
1.6000	5.8500	0.0000	0.7688	true	false
1.6000	5.9000	0.0000	0.7688	true	false
1.6000	5.9500	0.0000	0.7688	true	false
1.6000	6.0000	0.0000	0.7688	true	false
1.6000	6.0500	0.0000	0.7688	true	false
1.6000	6.1000	0.0000	0.7688	true	false
1.6000	6.1500	0.0000	0.7688	true	false
1.6000	6.2000	0.0000	0.7688	true	false
1.6000	6.2500	0.0000	0.7688	true	false
1.6000	6.3000	0.0000	0.7688	true	false
1.6000	6.3500	0.0000	0.7688	true	false
1.6000	6.4000	0.0000	0.7688	true	false
1.6000	6.4500	0.0000	0.7688	true	false
1.6000	6.5000	0.0000	0.7688	true	false
1.6000	6.5500	0.0000	0.7688	true	false
1.6000	6.6000	0.0000	0.7688	true	false
1.6000	6.6500	0.0000	0.7688	true	false
1.6000	6.7000	0.0000	0.7688	true	false
1.6000	6.7500	0.0000	0.7688	true	false
1.6000	6.8000	0.0000	0.7688	true	false
1.6000	6.8500	0.0000	0.7688	true	false
1.6000	6.9000	0.0000	0.7688	true	false
1.6000	6.9500	0.0000	0.7688	true	false
1.6000	7.0000	0.0000	0.7688	true	false
1.6000	7.0500	0.0000	0.7688	true	false
1.6000	7.1000	0.0000	0.7688	true	false
1.6000	7.1500	0.0000	0.7688	true	false
1.6000	7.2000	0.0000	0.7688	true	false
1.6000	7.2500	0.0000	0.7688	true	false
1.6000	7.3000	0.0000	0.7688	true	false
1.6000	7.3500	0.0000	0.7688	true	false
1.6000	7.4000	0.0000	0.7688	true	false
1.6000	7.4500	0.0000	0.7688	true	false
1.6000	7.5000	0.0000	0.7688	true	false
1.6000	7.5500	0.0000	0.7688	true	false
1.6000	7.6000	0.0000	0.7688	true	false
1.6000	7.6500	0.0000	0.7688	true	false
1.6000	7.7000	0.0000	0.7688	true	false
1.6000	7.7500	0.0000	0.7688	true	false
1.6000	7.8000	0.0000	0.7688	true	false
1.6000	7.8500	0.0000	0.7688	true	false
1.6000	7.9000	0.0000	0.7688	true	false
1.6000	7.9500	0.0000	0.7688	true	false
1.6000	8.0000	0.0000	0.7688	true	false
1.6000	8.0500	0.0000	0.7688	true	false
1.6000	8.1000	0.0000	0.7688	true	false
1.6000	8.1500	0.0000	0.7688	true	false
1.6000	8.2000	0.0000	0.7688	true	false
1.6000	8.2500	0.0000	0.7688	true	false
1.6000	8.3000	0.0000	0.7688	true	false
1.6000	8.3500	0.0000	0.7688	true	false
1.6000	8.4000	0.0000	0.7688	true	false
1.6000	8.4500	0.0000	0.7688	true	false
1.6000	8.5000	0.0000	0.7688	true	false
1.6000	8.5500	0.0000	0.7688	true	false
1.6000	8.6000	0.0000	0.7688	true	false
1.6000	8.6500	0.0000	0.7688	true	false
1.6000	8.7000	0.0000	0.7688	true	false
1.6000	8.7500	0.0000	0.7688	true	false
1.6000	8.8000	0.0000	0.7688	true	false
1.6000	8.8500	0.0000	0.7688	true	false
1.6000	8.9000	0.0000	0.7688	true	false
1.6000	8.9500	0.0000	0.7688	true	false
1.6000	9.0000	0.0000	0.7688	true	false
1.6000	9.0500	0.0000	0.7688	true	false
1.6000	9.1000	0.0000	0.7688	true	false
1.6000	9.1500	0.0000	0.7688	true	false
1.6000	9.2000	0.0000	0.7688	true	false
1.6000	9.2500	0.0000	0.7688	true	false
1.6000	9.3000	0.0000	0.7688	true	false
1.6000	9.3500	0.0000	0.7688	true	false
1.6000	9.4000	0.0000	0.7688	true	false
1.6000	9.4500	0.0000	0.7688	true	false
1.6000	9.5000	0.0000	0.7688	true	false
1.6000	9.5500	0.0000	0.7688	true	false
1.6000	9.6000	0.0000	0.7688	true	false
1.6000	9.6500	0.0000	0.7688	true	false
1.6000	9.7000	0.0000	0.7688	true	false
1.6000	9.7500	0.0000	0.7688	true	false
1.6000	9.8000	0.0000	0.7688	true	false
1.6000	9.8500	0.0000	0.7688	true	false
1.6000	9.9000	0.0000	0.7688	true	false
1.6000	9.9500	0.0000	0.7688	true	false
1.6000	10.0000	0.0000	0.7688	true	false
2.9400	0.0000	0.0000	1.0000	true	false
2.9400	0.0500	0.0000	1.0000	true	false
2.9400	0.1000	0.0000	1.0000	true	false
2.9400	0.1500	0.0000	1.0000	true	false
2.9400	0.2000	0.0000	1.0000	true	false
2.9400	0.2500	0.0000	1.0000	true	false
2.9400	0.3000	0.0000	1.0000	true	false
2.9400	0.3500	0.0000	1.0000	true	false
2.9400	0.4000	0.0000	1.0000	true	false
2.9400	0.4500	0.0000	1.0000	true	false
2.9400	0.5000	0.0000	1.0000	true	false
2.9400	0.5500	0.0000	1.0000	true	false
2.9400	0.6000	0.0000	1.0000	true	false
2.9400	0.6500	0.0000	1.0000	true	false
2.9400	0.7000	0.0000	1.0000	true	false
2.9400	0.7500	0.0000	1.0000	true	false
2.9400	0.8000	0.0000	1.0000	true	false
2.9400	0.8500	0.0000	1.0000	true	false
2.9400	0.9000	0.0000	1.0000	true	false
2.9400	0.9500	0.0000	1.0000	true	false
2.9400	1.0000	0.0000	1.0000	true	false
2.9400	1.0500	0.0000	1.0000	true	false
2.9400	1.1000	0.0000	1.0000	true	false
2.9400	1.1500	0.0000	1.0000	true	false
2.9400	1.2000	0.0000	1.0000	true	false
2.9400	1.2500	0.0000	1.0000	true	false
2.9400	1.3000	0.0000	1.0000	true	false
2.9400	1.3500	0.0000	1.0000	true	false
2.9400	1.4000	0.0000	1.0000	true	false
2.9400	1.4500	0.0000	1.0000	true	false
2.9400	1.5000	0.0000	1.0000	true	false
2.9400	1.5500	0.0000	1.0000	true	false
2.9400	1.6000	0.0000	1.0000	true	false
2.9400	1.6500	0.0000	1.0000	true	false
2.9400	1.7000	0.0000	1.0000	true	false
2.9400	1.7500	0.0000	1.0000	true	false
2.9400	1.8000	0.0000	1.0000	true	false
2.9400	1.8500	0.0000	1.0000	true	false
2.9400	1.9000	0.0000	1.0000	true	false
2.9400	1.9500	0.0000	1.0000	true	false
2.9400	2.0000	0.0000	1.0000	true	false
2.9400	2.0500	0.0000	1.0000	true	false
2.9400	2.1000	0.0000	1.0000	true	false
2.9400	2.1500	0.0000	1.0000	true	false
2.9400	2.2000	0.0000	1.0000	true	false
2.9400	2.2500	0.0000	1.0000	true	false
2.9400	2.3000	0.0000	1.0000	true	false
2.9400	2.3500	0.0000	1.0000	true	false
2.9400	2.4000	0.0000	1.0000	true	false
2.9400	2.4500	0.1000	1.0000	true	false
2.9400	2.5000	0.1000	1.0000	true	false
2.9400	2.5500	0.2000	1.0000	true	false
2.9400	2.6000	0.3588	1.0000	true	false
2.9400	2.6500	0.4588	1.0000	true	false
2.9400	2.7000	0.7241	1.0000	true	false
2.9400	2.7500	0.9516	1.0000	true	false
2.9400	2.8000	2.1259	1.0000	true	false
2.9400	2.8500	5.6585	1.0000	true	false
2.9400	2.9000	96.7188	1.0000	true	false
2.9400	2.9500	426.0000	1.0000	true	false
2.9400	3.0000	39.7599	1.0000	true	false
2.9400	3.0500	4.3298	1.0000	true	false
2.9400	3.1000	1.7616	1.0000	true	false
2.9400	3.1500	0.6476	1.0000	true	false
2.9400	3.2000	0.4000	1.0000	true	false
2.9400	3.2500	0.3000	1.0000	true	false
2.9400	3.3000	0.2000	1.0000	true	false
2.9400	3.3500	0.1000	1.0000	true	false
2.9400	3.4000	0.1000	1.0000	true	false
2.9400	3.4500	0.0000	1.0000	true	false
2.9400	3.5000	0.0000	1.0000	true	false
2.9400	3.5500	0.0000	1.0000	true	false
2.9400	3.6000	0.0000	1.0000	true	false
2.9400	3.6500	0.0000	1.0000	true	false
2.9400	3.7000	0.0000	1.0000	true	false
2.9400	3.7500	0.0000	1.0000	true	false
2.9400	3.8000	0.0000	1.0000	true	false
2.9400	3.8500	0.0000	1.0000	true	false
2.9400	3.9000	0.0000	1.0000	true	false
2.9400	3.9500	0.0000	1.0000	true	false
2.9400	4.0000	0.0000	1.0000	true	false
2.9400	4.0500	0.0000	1.0000	true	false
2.9400	4.1000	0.0000	1.0000	true	false
2.9400	4.1500	0.0000	1.0000	true	false
2.9400	4.2000	0.0000	1.0000	true	false
2.9400	4.2500	0.0000	1.0000	true	false
2.9400	4.3000	0.0000	1.0000	true	false
2.9400	4.3500	0.0000	1.0000	true	false
2.9400	4.4000	0.0000	1.0000	true	false
2.9400	4.4500	0.0000	1.0000	true	false
2.9400	4.5000	0.0000	1.0000	true	false
2.9400	4.5500	0.0000	1.0000	true	false
2.9400	4.6000	0.0000	1.0000	true	false
2.9400	4.6500	0.0000	1.0000	true	false
2.9400	4.7000	0.0000	1.0000	true	false
2.9400	4.7500	0.0000	1.0000	true	false
2.9400	4.8000	0.0000	1.0000	true	false
2.9400	4.8500	0.0000	1.0000	true	false
2.9400	4.9000	0.0000	1.0000	true	false
2.9400	4.9500	0.0000	1.0000	true	false
2.9400	5.0000	0.0000	1.0000	true	false
2.9400	5.0500	0.0000	1.0000	true	false
2.9400	5.1000	0.0000	1.0000	true	false
2.9400	5.1500	0.0000	1.0000	true	false
2.9400	5.2000	0.0000	1.0000	true	false
2.9400	5.2500	0.0000	1.0000	true	false
2.9400	5.3000	0.0000	1.0000	true	false
2.9400	5.3500	0.0000	1.0000	true	false
2.9400	5.4000	0.0000	1.0000	true	false
2.9400	5.4500	0.0000	1.0000	true	false
2.9400	5.5000	0.0000	1.0000	true	false
2.9400	5.5500	0.0000	1.0000	true	false
2.9400	5.6000	0.0000	1.0000	true	false
2.9400	5.6500	0.0000	1.0000	true	false
2.9400	5.7000	0.0000	1.0000	true	false
2.9400	5.7500	0.0000	1.0000	true	false
2.9400	5.8000	0.0000	1.0000	true	false
2.9400	5.8500	0.0000	1.0000	true	false
2.9400	5.9000	0.0000	1.0000	true	false
2.9400	5.9500	0.0000	1.0000	true	false
2.9400	6.0000	0.0000	1.0000	true	false
2.9400	6.0500	0.0000	1.0000	true	false
2.9400	6.1000	0.0000	1.0000	true	false
2.9400	6.1500	0.0000	1.0000	true	false
2.9400	6.2000	0.0000	1.0000	true	false
2.9400	6.2500	0.0000	1.0000	true	false
2.9400	6.3000	0.0000	1.0000	true	false
2.9400	6.3500	0.0000	1.0000	true	false
2.9400	6.4000	0.0000	1.0000	true	false
2.9400	6.4500	0.0000	1.0000	true	false
2.9400	6.5000	0.0000	1.0000	true	false
2.9400	6.5500	0.0000	1.0000	true	false
2.9400	6.6000	0.0000	1.0000	true	false
2.9400	6.6500	0.0000	1.0000	true	false
2.9400	6.7000	0.0000	1.0000	true	false
2.9400	6.7500	0.0000	1.0000	true	false
2.9400	6.8000	0.0000	1.0000	true	false
2.9400	6.8500	0.0000	1.0000	true	false
2.9400	6.9000	0.0000	1.0000	true	false
2.9400	6.9500	0.0000	1.0000	true	false
2.9400	7.0000	0.0000	1.0000	true	false
2.9400	7.0500	0.0000	1.0000	true	false
2.9400	7.1000	0.0000	1.0000	true	false
2.9400	7.1500	0.0000	1.0000	true	false
2.9400	7.2000	0.0000	1.0000	true	false
2.9400	7.2500	0.0000	1.0000	true	false
2.9400	7.3000	0.0000	1.0000	true	false
2.9400	7.3500	0.0000	1.0000	true	false
2.9400	7.4000	0.0000	1.0000	true	false
2.9400	7.4500	0.0000	1.0000	true	false
2.9400	7.5000	0.0000	1.0000	true	false
2.9400	7.5500	0.0000	1.0000	true	false
2.9400	7.6000	0.0000	1.0000	true	false
2.9400	7.6500	0.0000	1.0000	true	false
2.9400	7.7000	0.0000	1.0000	true	false
2.9400	7.7500	0.0000	1.0000	true	false
2.9400	7.8000	0.0000	1.0000	true	false
2.9400	7.8500	0.0000	1.0000	true	false
2.9400	7.9000	0.0000	1.0000	true	false
2.9400	7.9500	0.0000	1.0000	true	false
2.9400	8.0000	0.0000	1.0000	true	false
2.9400	8.0500	0.0000	1.0000	true	false
2.9400	8.1000	0.0000	1.0000	true	false
2.9400	8.1500	0.0000	1.0000	true	false
2.9400	8.2000	0.0000	1.0000	true	false
2.9400	8.2500	0.0000	1.0000	true	false
2.9400	8.3000	0.0000	1.0000	true	false
2.9400	8.3500	0.0000	1.0000	true	false
2.9400	8.4000	0.0000	1.0000	true	false
2.9400	8.4500	0.0000	1.0000	true	false
2.9400	8.5000	0.0000	1.0000	true	false
2.9400	8.5500	0.0000	1.0000	true	false
2.9400	8.6000	0.0000	1.0000	true	false
2.9400	8.6500	0.0000	1.0000	true	false
2.9400	8.7000	0.0000	1.0000	true	false
2.9400	8.7500	0.0000	1.0000	true	false
2.9400	8.8000	0.0000	1.0000	true	false
2.9400	8.8500	0.0000	1.0000	true	false
2.9400	8.9000	0.0000	1.0000	true	false
2.9400	8.9500	0.0000	1.0000	true	false
2.9400	9.0000	0.0000	1.0000	true	false
2.9400	9.0500	0.0000	1.0000	true	false
2.9400	9.1000	0.0000	1.0000	true	false
2.9400	9.1500	0.0000	1.0000	true	false
2.9400	9.2000	0.0000	1.0000	true	false
2.9400	9.2500	0.0000	1.0000	true	false
2.9400	9.3000	0.0000	1.0000	true	false
2.9400	9.3500	0.0000	1.0000	true	false
2.9400	9.4000	0.0000	1.0000	true	false
2.9400	9.4500	0.0000	1.0000	true	false
2.9400	9.5000	0.0000	1.0000	true	false
2.9400	9.5500	0.0000	1.0000	true	false
2.9400	9.6000	0.0000	1.0000	true	false
2.9400	9.6500	0.0000	1.0000	true	false
2.9400	9.7000	0.0000	1.0000	true	false
2.9400	9.7500	0.0000	1.0000	true	false
2.9400	9.8000	0.0000	1.0000	true	false
2.9400	9.8500	0.0000	1.0000	true	false
2.9400	9.9000	0.0000	1.0000	true	false
2.9400	9.9500	0.0000	1.0000	true	false
2.9400	10.0000	0.0000	1.0000	true	false
0.2400	0.0000	0.0000	1.0000	true	true
0.2400	0.0500	8.0093	1.0000	true	true
0.2400	0.1000	48.9648	1.0000	true	true
0.2400	0.1500	141.3975	1.0000	true	true
0.2400	0.2000	247.3775	1.0000	true	true
0.2400	0.2500	285.0000	1.0000	true	true
0.2400	0.3000	213.2165	1.0000	true	true
0.2400	0.3500	116.4483	1.0000	true	true
0.2400	0.4000	50.6503	1.0000	true	true
0.2400	0.4500	18.1178	1.0000	true	true
0.2400	0.5000	4.1396	1.0000	true	true
0.2400	0.5500	0.1476	1.0000	true	true
0.2400	0.6000	0.0000	1.0000	true	true
0.2400	0.6500	0.0000	1.0000	true	true
0.2400	0.7000	0.0000	1.0000	true	true
0.2400	0.7500	0.0000	1.0000	true	true
0.2400	0.8000	0.0000	1.0000	true	true
0.2400	0.8500	0.0000	1.0000	true	true
0.2400	0.9000	0.0000	1.0000	true	true
0.2400	0.9500	0.0000	1.0000	true	true
0.2400	1.0000	0.0000	1.0000	true	true
0.2400	1.0500	0.0000	1.0000	true	true
0.2400	1.1000	0.0000	1.0000	true	true
0.2400	1.1500	0.0000	1.0000	true	true
0.2400	1.2000	0.0000	1.0000	true	true
0.2400	1.2500	0.0000	1.0000	true	true
0.2400	1.3000	0.0000	1.0000	true	true
0.2400	1.3500	0.0000	1.0000	true	true
0.2400	1.4000	0.0000	1.0000	true	true
0.2400	1.4500	0.0000	1.0000	true	true
0.2400	1.5000	0.0000	1.0000	true	true
0.2400	1.5500	0.0000	1.0000	true	true
0.2400	1.6000	0.0000	1.0000	true	true
0.2400	1.6500	0.0000	1.0000	true	true
0.2400	1.7000	0.0000	1.0000	true	true
0.2400	1.7500	0.0000	1.0000	true	true
0.2400	1.8000	0.0000	1.0000	true	true
0.2400	1.8500	0.0000	1.0000	true	true
0.2400	1.9000	0.0000	1.0000	true	true
0.2400	1.9500	0.0000	1.0000	true	true
0.2400	2.0000	0.0000	1.0000	true	true
0.2400	2.0500	0.0000	1.0000	true	true
0.2400	2.1000	0.0000	1.0000	true	true
0.2400	2.1500	0.0000	1.0000	true	true
0.2400	2.2000	0.0000	1.0000	true	true
0.2400	2.2500	0.0000	1.0000	true	true
0.2400	2.3000	0.0000	1.0000	true	true
0.2400	2.3500	0.0000	1.0000	true	true
0.2400	2.4000	0.0000	1.0000	true	true
0.2400	2.4500	0.0000	1.0000	true	true
0.2400	2.5000	0.0000	1.0000	true	true
0.2400	2.5500	0.0000	1.0000	true	true
0.2400	2.6000	0.0000	1.0000	true	true
0.2400	2.6500	0.0000	1.0000	true	true
0.2400	2.7000	0.0000	1.0000	true	true
0.2400	2.7500	0.0000	1.0000	true	true
0.2400	2.8000	0.0000	1.0000	true	true
0.2400	2.8500	0.0000	1.0000	true	true
0.2400	2.9000	0.0000	1.0000	true	true
0.2400	2.9500	0.0000	1.0000	true	true
0.2400	3.0000	0.0000	1.0000	true	true
0.2400	3.0500	0.0000	1.0000	true	true
0.2400	3.1000	0.0000	1.0000	true	true
0.2400	3.1500	0.0000	1.0000	true	true
0.2400	3.2000	0.0000	1.0000	true	true
0.2400	3.2500	0.0000	1.0000	true	true
0.2400	3.3000	0.0000	1.0000	true	true
0.2400	3.3500	0.0000	1.0000	true	true
0.2400	3.4000	0.0000	1.0000	true	true
0.2400	3.4500	0.0000	1.0000	true	true
0.2400	3.5000	0.0000	1.0000	true	true
0.2400	3.5500	0.0000	1.0000	true	true
0.2400	3.6000	0.0000	1.0000	true	true
0.2400	3.6500	0.0000	1.0000	true	true
0.2400	3.7000	0.0000	1.0000	true	true
0.2400	3.7500	0.0000	1.0000	true	true
0.2400	3.8000	0.0000	1.0000	true	true
0.2400	3.8500	0.0000	1.0000	true	true
0.2400	3.9000	0.0000	1.0000	true	true
0.2400	3.9500	0.0000	1.0000	true	true
0.2400	4.0000	0.0000	1.0000	true	true
0.2400	4.0500	0.0000	1.0000	true	true
0.2400	4.1000	0.0000	1.0000	true	true
0.2400	4.1500	0.0000	1.0000	true	true
0.2400	4.2000	0.0000	1.0000	true	true
0.2400	4.2500	0.0000	1.0000	true	true
0.2400	4.3000	0.0000	1.0000	true	true
0.2400	4.3500	0.0000	1.0000	true	true
0.2400	4.4000	0.0000	1.0000	true	true
0.2400	4.4500	0.0000	1.0000	true	true
0.2400	4.5000	0.0000	1.0000	true	true
0.2400	4.5500	0.0000	1.0000	true	true
0.2400	4.6000	0.0000	1.0000	true	true
0.2400	4.6500	0.0000	1.0000	true	true
0.2400	4.7000	0.0000	1.0000	true	true
0.2400	4.7500	0.0000	1.0000	true	true
0.2400	4.8000	0.0000	1.0000	true	true
0.2400	4.8500	0.0000	1.0000	true	true
0.2400	4.9000	0.0000	1.0000	true	true
0.2400	4.9500	0.0000	1.0000	true	true
0.2400	5.0000	0.0000	1.0000	true	true
0.2400	5.0500	0.0000	1.0000	true	true
0.2400	5.1000	0.0000	1.0000	true	true
0.2400	5.1500	0.0000	1.0000	true	true
0.2400	5.2000	0.0000	1.0000	true	true
0.2400	5.2500	0.0000	1.0000	true	true
0.2400	5.3000	0.0000	1.0000	true	true
0.2400	5.3500	0.0000	1.0000	true	true
0.2400	5.4000	0.0000	1.0000	true	true
0.2400	5.4500	0.0000	1.0000	true	true
0.2400	5.5000	0.0000	1.0000	true	true
0.2400	5.5500	0.0000	1.0000	true	true
0.2400	5.6000	0.0000	1.0000	true	true
0.2400	5.6500	0.0000	1.0000	true	true
0.2400	5.7000	0.0000	1.0000	true	true
0.2400	5.7500	0.0000	1.0000	true	true
0.2400	5.8000	0.0000	1.0000	true	true
0.2400	5.8500	0.0000	1.0000	true	true
0.2400	5.9000	0.0000	1.0000	true	true
0.2400	5.9500	0.0000	1.0000	true	true
0.2400	6.0000	0.0000	1.0000	true	true
0.2400	6.0500	0.0000	1.0000	true	true
0.2400	6.1000	0.0000	1.0000	true	true
0.2400	6.1500	0.0000	1.0000	true	true
0.2400	6.2000	0.0000	1.0000	true	true
0.2400	6.2500	0.0000	1.0000	true	true
0.2400	6.3000	0.0000	1.0000	true	true
0.2400	6.3500	0.0000	1.0000	true	true
0.2400	6.4000	0.0000	1.0000	true	true
0.2400	6.4500	0.0000	1.0000	true	true
0.2400	6.5000	0.0000	1.0000	true	true
0.2400	6.5500	0.0000	1.0000	true	true
0.2400	6.6000	0.0000	1.0000	true	true
0.2400	6.6500	0.0000	1.0000	true	true
0.2400	6.7000	0.0000	1.0000	true	true
0.2400	6.7500	0.0000	1.0000	true	true
0.2400	6.8000	0.0000	1.0000	true	true
0.2400	6.8500	0.0000	1.0000	true	true
0.2400	6.9000	0.0000	1.0000	true	true
0.2400	6.9500	0.0000	1.0000	true	true
0.2400	7.0000	0.0000	1.0000	true	true
0.2400	7.0500	0.0000	1.0000	true	true
0.2400	7.1000	0.0000	1.0000	true	true
0.2400	7.1500	0.0000	1.0000	true	true
0.2400	7.2000	0.0000	1.0000	true	true
0.2400	7.2500	0.0000	1.0000	true	true
0.2400	7.3000	0.0000	1.0000	true	true
0.2400	7.3500	0.0000	1.0000	true	true
0.2400	7.4000	0.0000	1.0000	true	true
0.2400	7.4500	0.0000	1.0000	true	true
0.2400	7.5000	0.0000	1.0000	true	true
0.2400	7.5500	0.0000	1.0000	true	true
0.2400	7.6000	0.0000	1.0000	true	true
0.2400	7.6500	0.0000	1.0000	true	true
0.2400	7.7000	0.0000	1.0000	true	true
0.2400	7.7500	0.0000	1.0000	true	true
0.2400	7.8000	0.0000	1.0000	true	true
0.2400	7.8500	0.0000	1.0000	true	true
0.2400	7.9000	0.0000	1.0000	true	true
0.2400	7.9500	0.0000	1.0000	true	true
0.2400	8.0000	0.0000	1.0000	true	true
0.2400	8.0500	0.0000	1.0000	true	true
0.2400	8.1000	0.0000	1.0000	true	true
0.2400	8.1500	0.0000	1.0000	true	true
0.2400	8.2000	0.0000	1.0000	true	true
0.2400	8.2500	0.0000	1.0000	true	true
0.2400	8.3000	0.0000	1.0000	true	true
0.2400	8.3500	0.0000	1.0000	true	true
0.2400	8.4000	0.0000	1.0000	true	true
0.2400	8.4500	0.0000	1.0000	true	true
0.2400	8.5000	0.0000	1.0000	true	true
0.2400	8.5500	0.0000	1.0000	true	true
0.2400	8.6000	0.0000	1.0000	true	true
0.2400	8.6500	0.0000	1.0000	true	true
0.2400	8.7000	0.0000	1.0000	true	true
0.2400	8.7500	0.0000	1.0000	true	true
0.2400	8.8000	0.0000	1.0000	true	true
0.2400	8.8500	0.0000	1.0000	true	true
0.2400	8.9000	0.0000	1.0000	true	true
0.2400	8.9500	0.0000	1.0000	true	true
0.2400	9.0000	0.0000	1.0000	true	true
0.2400	9.0500	0.0000	1.0000	true	true
0.2400	9.1000	0.0000	1.0000	true	true
0.2400	9.1500	0.0000	1.0000	true	true
0.2400	9.2000	0.0000	1.0000	true	true
0.2400	9.2500	0.0000	1.0000	true	true
0.2400	9.3000	0.0000	1.0000	true	true
0.2400	9.3500	0.0000	1.0000	true	true
0.2400	9.4000	0.0000	1.0000	true	true
0.2400	9.4500	0.0000	1.0000	true	true
0.2400	9.5000	0.0000	1.0000	true	true
0.2400	9.5500	0.0000	1.0000	true	true
0.2400	9.6000	0.0000	1.0000	true	true
0.2400	9.6500	0.0000	1.0000	true	true
0.2400	9.7000	0.0000	1.0000	true	true
0.2400	9.7500	0.0000	1.0000	true	true
0.2400	9.8000	0.0000	1.0000	true	true
0.2400	9.8500	0.0000	1.0000	true	true
0.2400	9.9000	0.0000	1.0000	true	true
0.2400	9.9500	0.0000	1.0000	true	true
0.2400	10.0000	0.0000	1.0000	true	true
3.0700	0.0000	0.0000	0.7166	true	false
3.0700	0.0500	0.0000	0.7166	true	false
3.0700	0.1000	0.0000	0.7166	true	false
3.0700	0.1500	0.0000	0.7166	true	false
3.0700	0.2000	0.0000	0.7166	true	false
3.0700	0.2500	0.0000	0.7166	true	false
3.0700	0.3000	0.0000	0.7166	true	false
3.0700	0.3500	0.0000	0.7166	true	false
3.0700	0.4000	0.0000	0.7166	true	false
3.0700	0.4500	0.0000	0.7166	true	false
3.0700	0.5000	0.0000	0.7166	true	false
3.0700	0.5500	0.0000	0.7166	true	false
3.0700	0.6000	0.0000	0.7166	true	false
3.0700	0.6500	0.0000	0.7166	true	false
3.0700	0.7000	0.0000	0.7166	true	false
3.0700	0.7500	0.0000	0.7166	true	false
3.0700	0.8000	0.0000	0.7166	true	false
3.0700	0.8500	0.0000	0.7166	true	false
3.0700	0.9000	0.0000	0.7166	true	false
3.0700	0.9500	0.0000	0.7166	true	false
3.0700	1.0000	0.0000	0.7166	true	false
3.0700	1.0500	0.0000	0.7166	true	false
3.0700	1.1000	0.0000	0.7166	true	false
3.0700	1.1500	0.0000	0.7166	true	false
3.0700	1.2000	0.0000	0.7166	true	false
3.0700	1.2500	0.0000	0.7166	true	false
3.0700	1.3000	0.0000	0.7166	true	false
3.0700	1.3500	0.0000	0.7166	true	false
3.0700	1.4000	0.0000	0.7166	true	false
3.0700	1.4500	0.0000	0.7166	true	false
3.0700	1.5000	0.0000	0.7166	true	false
3.0700	1.5500	0.0000	0.7166	true	false
3.0700	1.6000	0.0000	0.7166	true	false
3.0700	1.6500	0.0000	0.7166	true	false
3.0700	1.7000	0.0000	0.7166	true	false
3.0700	1.7500	0.0000	0.7166	true	false
3.0700	1.8000	0.0000	0.7166	true	false
3.0700	1.8500	0.0000	0.7166	true	false
3.0700	1.9000	0.0000	0.7166	true	false
3.0700	1.9500	0.0000	0.7166	true	false
3.0700	2.0000	0.0000	0.7166	true	false
3.0700	2.0500	0.0000	0.7166	true	false
3.0700	2.1000	0.0000	0.7166	true	false
3.0700	2.1500	0.0000	0.7166	true	false
3.0700	2.2000	0.0000	0.7166	true	false
3.0700	2.2500	0.0000	0.7166	true	false
3.0700	2.3000	0.0000	0.7166	true	false
3.0700	2.3500	0.0000	0.7166	true	false
3.0700	2.4000	0.0000	0.7166	true	false
3.0700	2.4500	0.0000	0.7166	true	false
3.0700	2.5000	0.0000	0.7166	true	false
3.0700	2.5500	0.0000	0.7166	true	false
3.0700	2.6000	0.0000	0.7166	true	false
3.0700	2.6500	0.1178	0.7166	true	false
3.0700	2.7000	0.1178	0.7166	true	false
3.0700	2.7500	0.2355	0.7166	true	false
3.0700	2.8000	0.4122	0.7166	true	false
3.0700	2.8500	0.6468	0.7166	true	false
3.0700	2.9000	1.0563	0.7166	true	false
3.0700	2.9500	1.5849	0.7166	true	false
3.0700	3.0000	2.4141	0.7166	true	false
3.0700	3.0500	3.5830	0.7166	true	false
3.0700	3.1000	2.5983	0.7166	true	false
3.0700	3.1500	1.8583	0.7166	true	false
3.0700	3.2000	1.1678	0.7166	true	false
3.0700	3.2500	0.8243	0.7166	true	false
3.0700	3.3000	0.5888	0.7166	true	false
3.0700	3.3500	0.4122	0.7166	true	false
3.0700	3.4000	0.2355	0.7166	true	false
3.0700	3.4500	0.1178	0.7166	true	false
3.0700	3.5000	0.1178	0.7166	true	false
3.0700	3.5500	0.0000	0.7166	true	false
3.0700	3.6000	0.0000	0.7166	true	false
3.0700	3.6500	0.0000	0.7166	true	false
3.0700	3.7000	0.0000	0.7166	true	false
3.0700	3.7500	0.0000	0.7166	true	false
3.0700	3.8000	0.0000	0.7166	true	false
3.0700	3.8500	0.0000	0.7166	true	false
3.0700	3.9000	0.0000	0.7166	true	false
3.0700	3.9500	0.0000	0.7166	true	false
3.0700	4.0000	0.0000	0.7166	true	false
3.0700	4.0500	0.0000	0.7166	true	false
3.0700	4.1000	0.0000	0.7166	true	false
3.0700	4.1500	0.0000	0.7166	true	false
3.0700	4.2000	0.0000	0.7166	true	false
3.0700	4.2500	0.0000	0.7166	true	false
3.0700	4.3000	0.0000	0.7166	true	false
3.0700	4.3500	0.0000	0.7166	true	false
3.0700	4.4000	0.0000	0.7166	true	false
3.0700	4.4500	0.0000	0.7166	true	false
3.0700	4.5000	0.0000	0.7166	true	false
3.0700	4.5500	0.0000	0.7166	true	false
3.0700	4.6000	0.0000	0.7166	true	false
3.0700	4.6500	0.0000	0.7166	true	false
3.0700	4.7000	0.0000	0.7166	true	false
3.0700	4.7500	0.0000	0.7166	true	false
3.0700	4.8000	0.0000	0.7166	true	false
3.0700	4.8500	0.0000	0.7166	true	false
3.0700	4.9000	0.0000	0.7166	true	false
3.0700	4.9500	0.0000	0.7166	true	false
3.0700	5.0000	0.0000	0.7166	true	false
3.0700	5.0500	0.0000	0.7166	true	false
3.0700	5.1000	0.0000	0.7166	true	false
3.0700	5.1500	0.0000	0.7166	true	false
3.0700	5.2000	0.0000	0.7166	true	false
3.0700	5.2500	0.0000	0.7166	true	false
3.0700	5.3000	0.0000	0.7166	true	false
3.0700	5.3500	0.0000	0.7166	true	false
3.0700	5.4000	0.0000	0.7166	true	false
3.0700	5.4500	0.0000	0.7166	true	false
3.0700	5.5000	0.0000	0.7166	true	false
3.0700	5.5500	0.0000	0.7166	true	false
3.0700	5.6000	0.0000	0.7166	true	false
3.0700	5.6500	0.0000	0.7166	true	false
3.0700	5.7000	0.0000	0.7166	true	false
3.0700	5.7500	0.0000	0.7166	true	false
3.0700	5.8000	0.0000	0.7166	true	false
3.0700	5.8500	0.0000	0.7166	true	false
3.0700	5.9000	0.0000	0.7166	true	false
3.0700	5.9500	0.0000	0.7166	true	false
3.0700	6.0000	0.0000	0.7166	true	false
3.0700	6.0500	0.0000	0.7166	true	false
3.0700	6.1000	0.0000	0.7166	true	false
3.0700	6.1500	0.0000	0.7166	true	false
3.0700	6.2000	0.0000	0.7166	true	false
3.0700	6.2500	0.0000	0.7166	true	false
3.0700	6.3000	0.0000	0.7166	true	false
3.0700	6.3500	0.0000	0.7166	true	false
3.0700	6.4000	0.0000	0.7166	true	false
3.0700	6.4500	0.0000	0.7166	true	false
3.0700	6.5000	0.0000	0.7166	true	false
3.0700	6.5500	0.0000	0.7166	true	false
3.0700	6.6000	0.0000	0.7166	true	false
3.0700	6.6500	0.0000	0.7166	true	false
3.0700	6.7000	0.0000	0.7166	true	false
3.0700	6.7500	0.0000	0.7166	true	false
3.0700	6.8000	0.0000	0.7166	true	false
3.0700	6.8500	0.0000	0.7166	true	false
3.0700	6.9000	0.0000	0.7166	true	false
3.0700	6.9500	0.0000	0.7166	true	false
3.0700	7.0000	0.0000	0.7166	true	false
3.0700	7.0500	0.0000	0.7166	true	false
3.0700	7.1000	0.0000	0.7166	true	false
3.0700	7.1500	0.0000	0.7166	true	false
3.0700	7.2000	0.0000	0.7166	true	false
3.0700	7.2500	0.0000	0.7166	true	false
3.0700	7.3000	0.0000	0.7166	true	false
3.0700	7.3500	0.0000	0.7166	true	false
3.0700	7.4000	0.0000	0.7166	true	false
3.0700	7.4500	0.0000	0.7166	true	false
3.0700	7.5000	0.0000	0.7166	true	false
3.0700	7.5500	0.0000	0.7166	true	false
3.0700	7.6000	0.0000	0.7166	true	false
3.0700	7.6500	0.0000	0.7166	true	false
3.0700	7.7000	0.0000	0.7166	true	false
3.0700	7.7500	0.0000	0.7166	true	false
3.0700	7.8000	0.0000	0.7166	true	false
3.0700	7.8500	0.0000	0.7166	true	false
3.0700	7.9000	0.0000	0.7166	true	false
3.0700	7.9500	0.0000	0.7166	true	false
3.0700	8.0000	0.0000	0.7166	true	false
3.0700	8.0500	0.0000	0.7166	true	false
3.0700	8.1000	0.0000	0.7166	true	false
3.0700	8.1500	0.0000	0.7166	true	false
3.0700	8.2000	0.0000	0.7166	true	false
3.0700	8.2500	0.0000	0.7166	true	false
3.0700	8.3000	0.0000	0.7166	true	false
3.0700	8.3500	0.0000	0.7166	true	false
3.0700	8.4000	0.0000	0.7166	true	false
3.0700	8.4500	0.0000	0.7166	true	false
3.0700	8.5000	0.0000	0.7166	true	false
3.0700	8.5500	0.0000	0.7166	true	false
3.0700	8.6000	0.0000	0.7166	true	false
3.0700	8.6500	0.0000	0.7166	true	false
3.0700	8.7000	0.0000	0.7166	true	false
3.0700	8.7500	0.0000	0.7166	true	false
3.0700	8.8000	0.0000	0.7166	true	false
3.0700	8.8500	0.0000	0.7166	true	false
3.0700	8.9000	0.0000	0.7166	true	false
3.0700	8.9500	0.0000	0.7166	true	false
3.0700	9.0000	0.0000	0.7166	true	false
3.0700	9.0500	0.0000	0.7166	true	false
3.0700	9.1000	0.0000	0.7166	true	false
3.0700	9.1500	0.0000	0.7166	true	false
3.0700	9.2000	0.0000	0.7166	true	false
3.0700	9.2500	0.0000	0.7166	true	false
3.0700	9.3000	0.0000	0.7166	true	false
3.0700	9.3500	0.0000	0.7166	true	false
3.0700	9.4000	0.0000	0.7166	true	false
3.0700	9.4500	0.0000	0.7166	true	false
3.0700	9.5000	0.0000	0.7166	true	false
3.0700	9.5500	0.0000	0.7166	true	false
3.0700	9.6000	0.0000	0.7166	true	false
3.0700	9.6500	0.0000	0.7166	true	false
3.0700	9.7000	0.0000	0.7166	true	false
3.0700	9.7500	0.0000	0.7166	true	false
3.0700	9.8000	0.0000	0.7166	true	false
3.0700	9.8500	0.0000	0.7166	true	false
3.0700	9.9000	0.0000	0.7166	true	false
3.0700	9.9500	0.0000	0.7166	true	false
3.0700	10.0000	0.0000	0.7166	true	false
3.0400	0.0000	0.0000	0.9870	true	false
3.0400	0.0500	0.0000	0.9870	true	false
3.0400	0.1000	0.0000	0.9870	true	false
3.0400	0.1500	0.0000	0.9870	true	false
3.0400	0.2000	0.0000	0.9870	true	false
3.0400	0.2500	0.0000	0.9870	true	false
3.0400	0.3000	0.0000	0.9870	true	false
3.0400	0.3500	0.0000	0.9870	true	false
3.0400	0.4000	0.0000	0.9870	true	false
3.0400	0.4500	0.0000	0.9870	true	false
3.0400	0.5000	0.0000	0.9870	true	false
3.0400	0.5500	0.0000	0.9870	true	false
3.0400	0.6000	0.0000	0.9870	true	false
3.0400	0.6500	0.0000	0.9870	true	false
3.0400	0.7000	0.0000	0.9870	true	false
3.0400	0.7500	0.0000	0.9870	true	false
3.0400	0.8000	0.0000	0.9870	true	false
3.0400	0.8500	0.0000	0.9870	true	false
3.0400	0.9000	0.0000	0.9870	true	false
3.0400	0.9500	0.0000	0.9870	true	false
3.0400	1.0000	0.0000	0.9870	true	false
3.0400	1.0500	0.0000	0.9870	true	false
3.0400	1.1000	0.0000	0.9870	true	false
3.0400	1.1500	0.0000	0.9870	true	false
3.0400	1.2000	0.0000	0.9870	true	false
3.0400	1.2500	0.0000	0.9870	true	false
3.0400	1.3000	0.0000	0.9870	true	false
3.0400	1.3500	0.0000	0.9870	true	false
3.0400	1.4000	0.0000	0.9870	true	false
3.0400	1.4500	0.0000	0.9870	true	false
3.0400	1.5000	0.0000	0.9870	true	false
3.0400	1.5500	0.0000	0.9870	true	false
3.0400	1.6000	0.0000	0.9870	true	false
3.0400	1.6500	0.0000	0.9870	true	false
3.0400	1.7000	0.0000	0.9870	true	false
3.0400	1.7500	0.0000	0.9870	true	false
3.0400	1.8000	0.0000	0.9870	true	false
3.0400	1.8500	0.0000	0.9870	true	false
3.0400	1.9000	0.0000	0.9870	true	false
3.0400	1.9500	0.0000	0.9870	true	false
3.0400	2.0000	0.0000	0.9870	true	false
3.0400	2.0500	0.0000	0.9870	true	false
3.0400	2.1000	0.0000	0.9870	true	false
3.0400	2.1500	0.0000	0.9870	true	false
3.0400	2.2000	0.0000	0.9870	true	false
3.0400	2.2500	0.0000	0.9870	true	false
3.0400	2.3000	0.0000	0.9870	true	false
3.0400	2.3500	0.0000	0.9870	true	false
3.0400	2.4000	0.0000	0.9870	true	false
3.0400	2.4500	0.0000	0.9870	true	false
3.0400	2.5000	0.0000	0.9870	true	false
3.0400	2.5500	0.0000	0.9870	true	false
3.0400	2.6000	0.0000	0.9870	true	false
3.0400	2.6500	0.0000	0.9870	true	false
3.0400	2.7000	0.0000	0.9870	true	false
3.0400	2.7500	0.0000	0.9870	true	false
3.0400	2.8000	0.0000	0.9870	true	false
3.0400	2.8500	0.0791	0.9870	true	false
3.0400	2.9000	0.2368	0.9870	true	false
3.0400	2.9500	1.3436	0.9870	true	false
3.0400	3.0000	27.1852	0.9870	true	false
3.0400	3.0500	555.6886	0.9870	true	false
3.0400	3.1000	1.2450	0.9870	true	false
3.0400	3.1500	0.3913	0.9870	true	false
3.0400	3.2000	0.1179	0.9870	true	false
3.0400	3.2500	0.0000	0.9870	true	false
3.0400	3.3000	0.0000	0.9870	true	false
3.0400	3.3500	0.0000	0.9870	true	false
3.0400	3.4000	0.0000	0.9870	true	false
3.0400	3.4500	0.0000	0.9870	true	false
3.0400	3.5000	0.0000	0.9870	true	false
3.0400	3.5500	0.0000	0.9870	true	false
3.0400	3.6000	0.0000	0.9870	true	false
3.0400	3.6500	0.0000	0.9870	true	false
3.0400	3.7000	0.0000	0.9870	true	false
3.0400	3.7500	0.0000	0.9870	true	false
3.0400	3.8000	0.0000	0.9870	true	false
3.0400	3.8500	0.0000	0.9870	true	false
3.0400	3.9000	0.0000	0.9870	true	false
3.0400	3.9500	0.0000	0.9870	true	false
3.0400	4.0000	0.0000	0.9870	true	false
3.0400	4.0500	0.0000	0.9870	true	false
3.0400	4.1000	0.0000	0.9870	true	false
3.0400	4.1500	0.0000	0.9870	true	false
3.0400	4.2000	0.0000	0.9870	true	false
3.0400	4.2500	0.0000	0.9870	true	false
3.0400	4.3000	0.0000	0.9870	true	false
3.0400	4.3500	0.0000	0.9870	true	false
3.0400	4.4000	0.0000	0.9870	true	false
3.0400	4.4500	0.0000	0.9870	true	false
3.0400	4.5000	0.0000	0.9870	true	false
3.0400	4.5500	0.0000	0.9870	true	false
3.0400	4.6000	0.0000	0.9870	true	false
3.0400	4.6500	0.0000	0.9870	true	false
3.0400	4.7000	0.0000	0.9870	true	false
3.0400	4.7500	0.0000	0.9870	true	false
3.0400	4.8000	0.0000	0.9870	true	false
3.0400	4.8500	0.0000	0.9870	true	false
3.0400	4.9000	0.0000	0.9870	true	false
3.0400	4.9500	0.0000	0.9870	true	false
3.0400	5.0000	0.0000	0.9870	true	false
3.0400	5.0500	0.0000	0.9870	true	false
3.0400	5.1000	0.0000	0.9870	true	false
3.0400	5.1500	0.0000	0.9870	true	false
3.0400	5.2000	0.0000	0.9870	true	false
3.0400	5.2500	0.0000	0.9870	true	false
3.0400	5.3000	0.0000	0.9870	true	false
3.0400	5.3500	0.0000	0.9870	true	false
3.0400	5.4000	0.0000	0.9870	true	false
3.0400	5.4500	0.0000	0.9870	true	false
3.0400	5.5000	0.0000	0.9870	true	false
3.0400	5.5500	0.0000	0.9870	true	false
3.0400	5.6000	0.0000	0.9870	true	false
3.0400	5.6500	0.0000	0.9870	true	false
3.0400	5.7000	0.0000	0.9870	true	false
3.0400	5.7500	0.0000	0.9870	true	false
3.0400	5.8000	0.0000	0.9870	true	false
3.0400	5.8500	0.0000	0.9870	true	false
3.0400	5.9000	0.0000	0.9870	true	false
3.0400	5.9500	0.0000	0.9870	true	false
3.0400	6.0000	0.0000	0.9870	true	false
3.0400	6.0500	0.0000	0.9870	true	false
3.0400	6.1000	0.0000	0.9870	true	false
3.0400	6.1500	0.0000	0.9870	true	false
3.0400	6.2000	0.0000	0.9870	true	false
3.0400	6.2500	0.0000	0.9870	true	false
3.0400	6.3000	0.0000	0.9870	true	false
3.0400	6.3500	0.0000	0.9870	true	false
3.0400	6.4000	0.0000	0.9870	true	false
3.0400	6.4500	0.0000	0.9870	true	false
3.0400	6.5000	0.0000	0.9870	true	false
3.0400	6.5500	0.0000	0.9870	true	false
3.0400	6.6000	0.0000	0.9870	true	false
3.0400	6.6500	0.0000	0.9870	true	false
3.0400	6.7000	0.0000	0.9870	true	false
3.0400	6.7500	0.0000	0.9870	true	false
3.0400	6.8000	0.0000	0.9870	true	false
3.0400	6.8500	0.0000	0.9870	true	false
3.0400	6.9000	0.0000	0.9870	true	false
3.0400	6.9500	0.0000	0.9870	true	false
3.0400	7.0000	0.0000	0.9870	true	false
3.0400	7.0500	0.0000	0.9870	true	false
3.0400	7.1000	0.0000	0.9870	true	false
3.0400	7.1500	0.0000	0.9870	true	false
3.0400	7.2000	0.0000	0.9870	true	false
3.0400	7.2500	0.0000	0.9870	true	false
3.0400	7.3000	0.0000	0.9870	true	false
3.0400	7.3500	0.0000	0.9870	true	false
3.0400	7.4000	0.0000	0.9870	true	false
3.0400	7.4500	0.0000	0.9870	true	false
3.0400	7.5000	0.0000	0.9870	true	false
3.0400	7.5500	0.0000	0.9870	true	false
3.0400	7.6000	0.0000	0.9870	true	false
3.0400	7.6500	0.0000	0.9870	true	false
3.0400	7.7000	0.0000	0.9870	true	false
3.0400	7.7500	0.0000	0.9870	true	false
3.0400	7.8000	0.0000	0.9870	true	false
3.0400	7.8500	0.0000	0.9870	true	false
3.0400	7.9000	0.0000	0.9870	true	false
3.0400	7.9500	0.0000	0.9870	true	false
3.0400	8.0000	0.0000	0.9870	true	false
3.0400	8.0500	0.0000	0.9870	true	false
3.0400	8.1000	0.0000	0.9870	true	false
3.0400	8.1500	0.0000	0.9870	true	false
3.0400	8.2000	0.0000	0.9870	true	false
3.0400	8.2500	0.0000	0.9870	true	false
3.0400	8.3000	0.0000	0.9870	true	false
3.0400	8.3500	0.0000	0.9870	true	false
3.0400	8.4000	0.0000	0.9870	true	false
3.0400	8.4500	0.0000	0.9870	true	false
3.0400	8.5000	0.0000	0.9870	true	false
3.0400	8.5500	0.0000	0.9870	true	false
3.0400	8.6000	0.0000	0.9870	true	false
3.0400	8.6500	0.0000	0.9870	true	false
3.0400	8.7000	0.0000	0.9870	true	false
3.0400	8.7500	0.0000	0.9870	true	false
3.0400	8.8000	0.0000	0.9870	true	false
3.0400	8.8500	0.0000	0.9870	true	false
3.0400	8.9000	0.0000	0.9870	true	false
3.0400	8.9500	0.0000	0.9870	true	false
3.0400	9.0000	0.0000	0.9870	true	false
3.0400	9.0500	0.0000	0.9870	true	false
3.0400	9.1000	0.0000	0.9870	true	false
3.0400	9.1500	0.0000	0.9870	true	false
3.0400	9.2000	0.0000	0.9870	true	false
3.0400	9.2500	0.0000	0.9870	true	false
3.0400	9.3000	0.0000	0.9870	true	false
3.0400	9.3500	0.0000	0.9870	true	false
3.0400	9.4000	0.0000	0.9870	true	false
3.0400	9.4500	0.0000	0.9870	true	false
3.0400	9.5000	0.0000	0.9870	true	false
3.0400	9.5500	0.0000	0.9870	true	false
3.0400	9.6000	0.0000	0.9870	true	false
3.0400	9.6500	0.0000	0.9870	true	false
3.0400	9.7000	0.0000	0.9870	true	false
3.0400	9.7500	0.0000	0.9870	true	false
3.0400	9.8000	0.0000	0.9870	true	false
3.0400	9.8500	0.0000	0.9870	true	false
3.0400	9.9000	0.0000	0.9870	true	false
3.0400	9.9500	0.0000	0.9870	true	false
3.0400	10.0000	0.0000	0.9870	true	false
0.7600	0.0000	0.0000	0.3924	false	true
0.7600	0.0500	0.0000	0.3924	false	true
0.7600	0.1000	0.0000	0.3924	false	true
0.7600	0.1500	0.0000	0.3924	false	true
0.7600	0.2000	0.0000	0.3924	false	true
0.7600	0.2500	0.0000	0.3924	false	true
0.7600	0.3000	0.0411	0.3924	false	true
0.7600	0.3500	0.2537	0.3924	false	true
0.7600	0.4000	2.4482	0.3924	false	true
0.7600	0.4500	11.5598	0.3924	false	true
0.7600	0.5000	27.0781	0.3924	false	true
0.7600	0.5500	53.3971	0.3924	false	true
0.7600	0.6000	90.3112	0.3924	false	true
0.7600	0.6500	130.4860	0.3924	false	true
0.7600	0.7000	161.7184	0.3924	false	true
0.7600	0.7500	171.0989	0.3924	false	true
0.7600	0.8000	155.1182	0.3924	false	true
0.7600	0.8500	121.7314	0.3924	false	true
0.7600	0.9000	83.5166	0.3924	false	true
0.7600	0.9500	50.5426	0.3924	false	true
0.7600	1.0000	27.2115	0.3924	false	true
0.7600	1.0500	13.4771	0.3924	false	true
0.7600	1.1000	5.2014	0.3924	false	true
0.7600	1.1500	0.5257	0.3924	false	true
0.7600	1.2000	0.1266	0.3924	false	true
0.7600	1.2500	0.0000	0.3924	false	true
0.7600	1.3000	0.0000	0.3924	false	true
0.7600	1.3500	0.0000	0.3924	false	true
0.7600	1.4000	0.0000	0.3924	false	true
0.7600	1.4500	0.0000	0.3924	false	true
0.7600	1.5000	0.0000	0.3924	false	true
0.7600	1.5500	0.0000	0.3924	false	true
0.7600	1.6000	0.0000	0.3924	false	true
0.7600	1.6500	0.0000	0.3924	false	true
0.7600	1.7000	0.0000	0.3924	false	true
0.7600	1.7500	0.0000	0.3924	false	true
0.7600	1.8000	0.0000	0.3924	false	true
0.7600	1.8500	0.0000	0.3924	false	true
0.7600	1.9000	0.0000	0.3924	false	true
0.7600	1.9500	0.0000	0.3924	false	true
0.7600	2.0000	0.0000	0.3924	false	true
0.7600	2.0500	0.0000	0.3924	false	true
0.7600	2.1000	0.0000	0.3924	false	true
0.7600	2.1500	0.0000	0.3924	false	true
0.7600	2.2000	0.0000	0.3924	false	true
0.7600	2.2500	0.0000	0.3924	false	true
0.7600	2.3000	0.0000	0.3924	false	true
0.7600	2.3500	0.0000	0.3924	false	true
0.7600	2.4000	0.0000	0.3924	false	true
0.7600	2.4500	0.0000	0.3924	false	true
0.7600	2.5000	0.0000	0.3924	false	true
0.7600	2.5500	0.0000	0.3924	false	true
0.7600	2.6000	0.0000	0.3924	false	true
0.7600	2.6500	0.0000	0.3924	false	true
0.7600	2.7000	0.0000	0.3924	false	true
0.7600	2.7500	0.0000	0.3924	false	true
0.7600	2.8000	0.0000	0.3924	false	true
0.7600	2.8500	0.0000	0.3924	false	true
0.7600	2.9000	0.0000	0.3924	false	true
0.7600	2.9500	0.0000	0.3924	false	true
0.7600	3.0000	0.0000	0.3924	false	true
0.7600	3.0500	0.0000	0.3924	false	true
0.7600	3.1000	0.0000	0.3924	false	true
0.7600	3.1500	0.0000	0.3924	false	true
0.7600	3.2000	0.0000	0.3924	false	true
0.7600	3.2500	0.0000	0.3924	false	true
0.7600	3.3000	0.0000	0.3924	false	true
0.7600	3.3500	0.0000	0.3924	false	true
0.7600	3.4000	0.0000	0.3924	false	true
0.7600	3.4500	0.0000	0.3924	false	true
0.7600	3.5000	0.0000	0.3924	false	true
0.7600	3.5500	0.0000	0.3924	false	true
0.7600	3.6000	0.0000	0.3924	false	true
0.7600	3.6500	0.0000	0.3924	false	true
0.7600	3.7000	0.0000	0.3924	false	true
0.7600	3.7500	0.0000	0.3924	false	true
0.7600	3.8000	0.0000	0.3924	false	true
0.7600	3.8500	0.0000	0.3924	false	true
0.7600	3.9000	0.0000	0.3924	false	true
0.7600	3.9500	0.0000	0.3924	false	true
0.7600	4.0000	0.0000	0.3924	false	true
0.7600	4.0500	0.0000	0.3924	false	true
0.7600	4.1000	0.0000	0.3924	false	true
0.7600	4.1500	0.0000	0.3924	false	true
0.7600	4.2000	0.0000	0.3924	false	true
0.7600	4.2500	0.0000	0.3924	false	true
0.7600	4.3000	0.0000	0.3924	false	true
0.7600	4.3500	0.0000	0.3924	false	true
0.7600	4.4000	0.0000	0.3924	false	true
0.7600	4.4500	0.0000	0.3924	false	true
0.7600	4.5000	0.0000	0.3924	false	true
0.7600	4.5500	0.0000	0.3924	false	true
0.7600	4.6000	0.0000	0.3924	false	true
0.7600	4.6500	0.0000	0.3924	false	true
0.7600	4.7000	0.0000	0.3924	false	true
0.7600	4.7500	0.0000	0.3924	false	true
0.7600	4.8000	0.0000	0.3924	false	true
0.7600	4.8500	0.0000	0.3924	false	true
0.7600	4.9000	0.0000	0.3924	false	true
0.7600	4.9500	0.0000	0.3924	false	true
0.7600	5.0000	0.0000	0.3924	false	true
0.7600	5.0500	0.0000	0.3924	false	true
0.7600	5.1000	0.0000	0.3924	false	true
0.7600	5.1500	0.0000	0.3924	false	true
0.7600	5.2000	0.0000	0.3924	false	true
0.7600	5.2500	0.0000	0.3924	false	true
0.7600	5.3000	0.0000	0.3924	false	true
0.7600	5.3500	0.0000	0.3924	false	true
0.7600	5.4000	0.0000	0.3924	false	true
0.7600	5.4500	0.0000	0.3924	false	true
0.7600	5.5000	0.0000	0.3924	false	true
0.7600	5.5500	0.0000	0.3924	false	true
0.7600	5.6000	0.0000	0.3924	false	true
0.7600	5.6500	0.0000	0.3924	false	true
0.7600	5.7000	0.0000	0.3924	false	true
0.7600	5.7500	0.0000	0.3924	false	true
0.7600	5.8000	0.0000	0.3924	false	true
0.7600	5.8500	0.0000	0.3924	false	true
0.7600	5.9000	0.0000	0.3924	false	true
0.7600	5.9500	0.0000	0.3924	false	true
0.7600	6.0000	0.0000	0.3924	false	true
0.7600	6.0500	0.0000	0.3924	false	true
0.7600	6.1000	0.0000	0.3924	false	true
0.7600	6.1500	0.0000	0.3924	false	true
0.7600	6.2000	0.0000	0.3924	false	true
0.7600	6.2500	0.0000	0.3924	false	true
0.7600	6.3000	0.0000	0.3924	false	true
0.7600	6.3500	0.0000	0.3924	false	true
0.7600	6.4000	0.0000	0.3924	false	true
0.7600	6.4500	0.0000	0.3924	false	true
0.7600	6.5000	0.0000	0.3924	false	true
0.7600	6.5500	0.0000	0.3924	false	true
0.7600	6.6000	0.0000	0.3924	false	true
0.7600	6.6500	0.0000	0.3924	false	true
0.7600	6.7000	0.0000	0.3924	false	true
0.7600	6.7500	0.0000	0.3924	false	true
0.7600	6.8000	0.0000	0.3924	false	true
0.7600	6.8500	0.0000	0.3924	false	true
0.7600	6.9000	0.0000	0.3924	false	true
0.7600	6.9500	0.0000	0.3924	false	true
0.7600	7.0000	0.0000	0.3924	false	true
0.7600	7.0500	0.0000	0.3924	false	true
0.7600	7.1000	0.0000	0.3924	false	true
0.7600	7.1500	0.0000	0.3924	false	true
0.7600	7.2000	0.0000	0.3924	false	true
0.7600	7.2500	0.0000	0.3924	false	true
0.7600	7.3000	0.0000	0.3924	false	true
0.7600	7.3500	0.0000	0.3924	false	true
0.7600	7.4000	0.0000	0.3924	false	true
0.7600	7.4500	0.0000	0.3924	false	true
0.7600	7.5000	0.0000	0.3924	false	true
0.7600	7.5500	0.0000	0.3924	false	true
0.7600	7.6000	0.0000	0.3924	false	true
0.7600	7.6500	0.0000	0.3924	false	true
0.7600	7.7000	0.0000	0.3924	false	true
0.7600	7.7500	0.0000	0.3924	false	true
0.7600	7.8000	0.0000	0.3924	false	true
0.7600	7.8500	0.0000	0.3924	false	true
0.7600	7.9000	0.0000	0.3924	false	true
0.7600	7.9500	0.0000	0.3924	false	true
0.7600	8.0000	0.0000	0.3924	false	true
0.7600	8.0500	0.0000	0.3924	false	true
0.7600	8.1000	0.0000	0.3924	false	true
0.7600	8.1500	0.0000	0.3924	false	true
0.7600	8.2000	0.0000	0.3924	false	true
0.7600	8.2500	0.0000	0.3924	false	true
0.7600	8.3000	0.0000	0.3924	false	true
0.7600	8.3500	0.0000	0.3924	false	true
0.7600	8.4000	0.0000	0.3924	false	true
0.7600	8.4500	0.0000	0.3924	false	true
0.7600	8.5000	0.0000	0.3924	false	true
0.7600	8.5500	0.0000	0.3924	false	true
0.7600	8.6000	0.0000	0.3924	false	true
0.7600	8.6500	0.0000	0.3924	false	true
0.7600	8.7000	0.0000	0.3924	false	true
0.7600	8.7500	0.0000	0.3924	false	true
0.7600	8.8000	0.0000	0.3924	false	true
0.7600	8.8500	0.0000	0.3924	false	true
0.7600	8.9000	0.0000	0.3924	false	true
0.7600	8.9500	0.0000	0.3924	false	true
0.7600	9.0000	0.0000	0.3924	false	true
0.7600	9.0500	0.0000	0.3924	false	true
0.7600	9.1000	0.0000	0.3924	false	true
0.7600	9.1500	0.0000	0.3924	false	true
0.7600	9.2000	0.0000	0.3924	false	true
0.7600	9.2500	0.0000	0.3924	false	true
0.7600	9.3000	0.0000	0.3924	false	true
0.7600	9.3500	0.0000	0.3924	false	true
0.7600	9.4000	0.0000	0.3924	false	true
0.7600	9.4500	0.0000	0.3924	false	true
0.7600	9.5000	0.0000	0.3924	false	true
0.7600	9.5500	0.0000	0.3924	false	true
0.7600	9.6000	0.0000	0.3924	false	true
0.7600	9.6500	0.0000	0.3924	false	true
0.7600	9.7000	0.0000	0.3924	false	true
0.7600	9.7500	0.0000	0.3924	false	true
0.7600	9.8000	0.0000	0.3924	false	true
0.7600	9.8500	0.0000	0.3924	false	true
0.7600	9.9000	0.0000	0.3924	false	true
0.7600	9.9500	0.0000	0.3924	false	true
0.7600	10.0000	0.0000	0.3924	false	true
