chromosome	start	end	copyNumber	bafCount	observedBAF	baf	segmentStartSupport	segmentEndSupport	method	depthWindowCount	gcContent	minStart	maxStart	minorAlleleCopyNumber	majorAlleleCopyNumber
1	1	87337011	2.8140	36346	0.7103	0.7118	TELOMERE	BND	BAF_WEIGHTED	77303	0.4349	1	1	0.8111	2.0029
1	87337012	118516186	2.0075	15910	1.0000	1.0050	BND	DEL	BAF_WEIGHTED	28534	0.3898	87337012	87337012	0.0000	2.0075
1	118516187	118516221	1.1884	0	0.0000	1.0085	DEL	DEL	STRUCTURAL_VARIANT	0	0.0000	118516187	118516187	0.0000	1.1884
1	118516222	123035433	2.0215	800	1.0000	1.0050	DEL	CENTROMERE	BAF_WEIGHTED	1906	0.3960	118516222	118516222	0.0000	2.0215
1	123035434	207981231	3.9314	27639	1.0000	1.0026	CENTROMERE	DEL	BAF_WEIGHTED	54399	0.4046	123035434	123035434	0.0000	3.9314
1	207981232	208014819	2.9833	3	1.0000	1.0034	DEL	DEL	BAF_WEIGHTED	32	0.4956	207981232	207981232	0.0000	2.9833
1	208014820	224646602	3.9444	8244	1.0000	1.0026	DEL	DUP	BAF_WEIGHTED	15516	0.4015	208014820	208014820	0.0000	3.9444
1	224646603	224782795	5.9634	152	1.0000	1.0017	DUP	DEL	BAF_WEIGHTED	132	0.4246	224646603	224646603	0.0000	5.9634
1	224782796	224786033	3.9304	3	1.0000	1.0026	DEL	DEL	BAF_WEIGHTED	3	0.4303	224782796	224782796	0.0000	3.9304
1	224786034	224800120	6.0583	7	1.0000	1.0017	DEL	DUP	BAF_WEIGHTED	13	0.4202	224786034	224786034	0.0000	6.0583
1	224800121	249250621	3.9023	13002	1.0000	1.0026	DUP	TELOMERE	BAF_WEIGHTED	21899	0.4171	224800121	224800121	0.0000	3.9023
2	1	85335370	3.0216	47007	0.6678	0.6690	TELOMERE	BND	BAF_WEIGHTED	79964	0.4052	1	1	1.0003	2.0213
2	85335371	85335542	3.4808	0	0.0000	0.7126	BND	BND	STRUCTURAL_VARIANT	0	0.0000	85335371	85335371	1.0003	2.4805
2	85335543	85335671	2.8964	0	0.0000	0.6546	BND	SGL	STRUCTURAL_VARIANT	0	0.0000	85335543	85335543	1.0003	1.8961
2	85335672	93826170	3.0312	1053	0.6648	0.6659	SGL	CENTROMERE	BAF_WEIGHTED	2407	0.4447	85335672	85335672	1.0128	2.0184
2	93826171	135370116	3.0135	18450	0.6673	0.6684	CENTROMERE	BND	BAF_WEIGHTED	32658	0.4165	93826171	93826171	0.9993	2.0142
2	135370117	243199373	3.0297	50863	0.6669	0.6680	BND	TELOMERE	BAF_WEIGHTED	100639	0.3904	135370117	135370117	1.0058	2.0239
3	1	24565106	2.0082	15173	1.0000	1.0050	TELOMERE	INV	BAF_WEIGHTED	22726	0.4066	1	1	0.0000	2.0082
3	24565107	24566180	6.0406	0	0.0000	0.6659	INV	INV	STRUCTURAL_VARIANT	0	0.0000	24565107	24565107	2.0183	4.0223
3	24566181	25199405	10.0730	356	0.7984	0.7989	INV	SGL	BAF_WEIGHTED	615	0.3742	24566181	24566181	2.0252	8.0478
3	25199406	25331583	10.0315	9	0.7934	0.7940	SGL	SGL	BAF_WEIGHTED	121	0.3792	25199406	25199406	2.0666	7.9649
3	25331584	25400602	12.1297	74	0.8409	0.8414	SGL	BND	BAF_WEIGHTED	60	0.4014	25331584	25331584	1.9236	10.2061
3	25400603	25401059	10.1012	0	0.0000	0.8017	BND	BND	STRUCTURAL_VARIANT	0	0.0000	25400603	25400603	2.0026	8.0985
3	25401060	26431917	8.0051	515	0.7492	0.7498	BND	BND	BAF_WEIGHTED	967	0.3867	25401060	25401060	2.0026	6.0024
3	26431918	26663921	11.9011	11	0.8290	0.8296	BND	INV	BAF_WEIGHTED	204	0.3738	26431918	26431918	2.0284	9.8727
3	26663922	26664499	7.9598	0	0.0000	0.7505	INV	INV	STRUCTURAL_VARIANT	0	0.0000	26663922	26663922	1.9856	5.9742
3	26664500	60132754	4.0185	14386	0.5287	0.5059	INV	DEL	BAF_WEIGHTED	31087	0.4222	26664500	26664500	1.9856	2.0329
3	60132755	60204542	2.8686	56	0.6667	0.6679	DEL	DEL	BAF_WEIGHTED	71	0.3893	60132755	60132755	0.9528	1.9159
3	60204543	60204623	3.8780	0	0.0000	0.5156	DEL	SGL	STRUCTURAL_VARIANT	0	0.0000	60204543	60204543	1.8785	1.9994
3	60204624	60872124	3.9468	395	0.5263	0.5066	SGL	DEL	BAF_WEIGHTED	645	0.3827	60204624	60204624	1.9474	1.9994
3	60872125	61013213	2.9900	66	0.6644	0.6655	DEL	DEL	BAF_WEIGHTED	121	0.3775	60872125	60872125	1.0003	1.9897
3	61013214	92004853	4.0117	16101	0.5289	0.5039	DEL	CENTROMERE	BAF_WEIGHTED	27156	0.3753	61013214	61013214	1.9901	2.0216
3	92004854	143147130	4.0157	22733	0.5287	0.5047	CENTROMERE	SGL	BAF_WEIGHTED	45723	0.3949	92004854	92004854	1.9889	2.0267
3	143147131	186442175	4.0031	22140	0.5291	0.5041	SGL	DEL	BAF_WEIGHTED	40696	0.3784	143147131	143147131	1.9853	2.0178
3	186442176	186513632	3.7074	72	0.5352	0.5352	DEL	DEL	BAF_WEIGHTED	69	0.4295	186442176	186442176	1.7232	1.9842
3	186513633	193258910	3.9931	4531	0.5282	0.5038	DEL	BND	BAF_WEIGHTED	6402	0.3869	186513633	186513633	1.9815	2.0116
3	193258911	193259012	3.8775	0	0.0000	0.5110	BND	SGL	STRUCTURAL_VARIANT	0	0.0000	193258911	193258911	1.8960	1.9815
3	193259013	198022430	3.9783	2377	0.5300	0.5095	SGL	TELOMERE	BAF_WEIGHTED	3963	0.4462	193259013	193259013	1.9515	2.0269
4	1	51160116	2.0240	29053	0.5408	0.5146	TELOMERE	CENTROMERE	BAF_WEIGHTED	44292	0.3993	1	1	0.9824	1.0417
4	51160117	66211956	3.8479	7536	0.5297	0.5205	CENTROMERE	DUP	BAF_WEIGHTED	12337	0.3718	51160117	51160117	1.8451	2.0028
4	66211957	66212039	6.0335	0	0.0000	0.6924	DUP	DUP	STRUCTURAL_VARIANT	0	0.0000	66211957	66211957	1.8560	4.1774
4	66212040	165284922	3.8561	52803	0.5295	0.5187	DUP	BND	BAF_WEIGHTED	90741	0.3703	66212040	66212040	1.8560	2.0001
4	165284923	187996320	3.8351	11919	0.5296	0.5210	BND	DUP	BAF_WEIGHTED	21319	0.3777	165284923	165284923	1.8369	1.9982
4	187996321	187996381	6.1030	0	0.0000	0.6990	DUP	DUP	STRUCTURAL_VARIANT	0	0.0000	187996321	187996321	1.8369	4.2661
4	187996382	191154276	3.8460	1728	0.5307	0.5201	DUP	TELOMERE	BAF_WEIGHTED	2397	0.3919	187996382	187996382	1.8455	2.0004
5	1	28787996	2.0045	16815	1.0000	1.0050	TELOMERE	DEL	BAF_WEIGHTED	25958	0.3929	1	1	0.0000	2.0045
5	28787997	28963095	0.9653	190	1.0000	1.0000	DEL	DEL	BAF_WEIGHTED	154	0.3471	28787997	28787997	0.0000	0.9653
5	28963096	47905640	2.0109	10474	1.0000	1.0050	DEL	CENTROMERE	BAF_WEIGHTED	15534	0.3850	28963096	28963096	0.0000	2.0109
5	47905641	178973288	2.0127	64447	1.0000	1.0050	CENTROMERE	DEL	BAF_WEIGHTED	117795	0.3938	47905641	47905641	0.0000	2.0127
5	178973289	178973321	0.8461	0	0.0000	1.0000	DEL	DEL	STRUCTURAL_VARIANT	0	0.0000	178973289	178973289	0.0000	0.8461
5	178973322	180915260	1.9900	1155	1.0000	1.0051	DEL	TELOMERE	BAF_WEIGHTED	1384	0.4738	178973322	178973322	0.0000	1.9900
6	1	26194039	3.8808	16341	0.5296	0.5155	TELOMERE	BND	BAF_WEIGHTED	24649	0.4117	1	1	1.8802	2.0006
6	26194040	26194117	7.2591	0	0.0000	0.7474	BND	INV	STRUCTURAL_VARIANT	0	0.0000	26194040	26194040	1.8339	5.4253
6	26194118	26194406	5.5362	0	0.0000	0.6688	INV	INV	STRUCTURAL_VARIANT	0	0.0000	26194118	26194118	1.8339	3.7024
6	26194407	60330165	3.8321	19568	0.5313	0.5214	INV	CENTROMERE	BAF_WEIGHTED	28674	0.4212	26194407	26194407	1.8339	1.9982
6	60330166	65298376	3.8032	1943	0.5303	0.5262	CENTROMERE	SGL	BAF_WEIGHTED	2825	0.3589	60330166	60330166	1.8020	2.0012
6	65298377	138774058	2.8745	37828	0.6530	0.6541	SGL	BND	BAF_WEIGHTED	68163	0.3738	65298377	65298377	0.9943	1.8803
6	138774059	138774181	3.9910	0	0.0000	0.7509	BND	BND	STRUCTURAL_VARIANT	0	0.0000	138774059	138774059	0.9943	2.9967
6	138774182	171115067	2.8804	18131	0.6523	0.6534	BND	TELOMERE	BAF_WEIGHTED	30041	0.4063	138774182	138774182	0.9983	1.8820
7	1	52440353	4.0429	30759	0.5291	0.5071	TELOMERE	DEL	BAF_WEIGHTED	47008	0.4063	1	1	1.9928	2.0500
7	52440354	52440386	2.4323	0	0.0000	0.8428	DEL	DEL	STRUCTURAL_VARIANT	0	0.0000	52440354	52440354	0.3823	2.0500
7	52440387	57471577	3.9604	3376	0.5293	0.5058	DEL	DEL	BAF_WEIGHTED	4061	0.3980	52440387	52440387	1.9574	2.0031
7	57471578	57496109	1.9581	10	1.0000	1.0052	DEL	DEL	BAF_WEIGHTED	18	0.4287	57471578	57471578	0.0000	1.9581
7	57496110	59554330	3.9478	123	0.5293	0.5071	DEL	CENTROMERE	BAF_WEIGHTED	81	0.3875	57496110	57496110	1.9460	2.0018
7	59554331	77981839	3.8784	6916	0.5298	0.5165	CENTROMERE	DEL	BAF_WEIGHTED	11155	0.4382	59554331	59554331	1.8754	2.0030
7	77981840	78082248	3.0529	84	0.6740	0.6751	DEL	DEL	BAF_WEIGHTED	97	0.3653	77981840	77981840	0.9919	2.0610
7	78082249	78190206	3.9842	13	0.5369	0.5128	DEL	DEL	BAF_WEIGHTED	106	0.3673	78082249	78082249	1.9412	2.0430
7	78190207	78257685	2.9857	60	0.6743	0.6754	DEL	DEL	BAF_WEIGHTED	66	0.3707	78190207	78190207	0.9691	2.0166
7	78257686	85844667	4.0489	4514	0.5282	0.5060	DEL	DUP	BAF_WEIGHTED	7212	0.3510	78257686	78257686	2.0000	2.0489
7	85844668	85853700	4.9970	11	0.5685	0.5688	DUP	DUP	BAF_WEIGHTED	8	0.3806	85844668	85844668	2.1548	2.8422
7	85853701	104485067	4.0107	8587	0.5293	0.5079	DUP	DUP	BAF_WEIGHTED	16244	0.4012	85853701	85853701	1.9736	2.0371
7	104485068	104612301	6.1623	29	0.6712	0.6718	DUP	DUP	BAF_WEIGHTED	115	0.4416	104485068	104485068	2.0227	4.1396
7	104612302	110393332	4.0394	2376	0.5302	0.5076	DUP	DEL	BAF_WEIGHTED	5390	0.3882	104612302	104612302	1.9892	2.0502
7	110393333	110394460	3.1120	0	0.0000	0.6392	DEL	DEL	STRUCTURAL_VARIANT	0	0.0000	110393333	110393333	1.1229	1.9892
7	110394461	112973360	4.0041	571	0.5276	0.5005	DEL	SGL	BAF_WEIGHTED	2416	0.3737	110394461	110394461	2.0000	2.0041
7	112973361	125746123	4.0383	6549	0.5289	0.5047	SGL	DEL	BAF_WEIGHTED	12051	0.3604	112973361	112973361	2.0000	2.0383
7	125746124	126098488	1.9708	224	1.0000	1.0051	DEL	INV	BAF_WEIGHTED	330	0.3495	125746124	125746124	0.0000	1.9708
7	126098489	126166900	3.9851	48	0.5381	0.5024	INV	DEL	BAF_WEIGHTED	64	0.3537	126098489	126098489	1.9829	2.0021
7	126166901	126167442	6.0520	0	0.0000	0.6681	DEL	INV	STRUCTURAL_VARIANT	0	0.0000	126166901	126166901	2.0089	4.0432
7	126167443	126167444	8.4042	0	0.0000	0.7610	INV	SGL	STRUCTURAL_VARIANT	0	0.0000	126167443	126167443	2.0089	6.3953
7	126167445	143953000	6.0276	8172	0.6662	0.6667	SGL	NONE	BAF_WEIGHTED	15564	0.4171	126167445	126167445	2.0089	4.0188
7	143953001	144088793	3.7928	10	0.5154	0.5154	NONE	SGL	BAF_WEIGHTED	13	0.4425	143878001	144075001	1.8380	1.9548
7	144088794	144090465	5.7731	0	0.0000	0.6525	SGL	SGL	BAF_WEIGHTED	1	0.4460	144088794	144088794	2.0063	3.7668
7	144090466	150746657	3.9680	4268	0.5301	0.5056	SGL	BND	BAF_WEIGHTED	5690	0.4002	144090466	144090466	1.9617	2.0063
7	150746658	159138663	1.9993	5001	0.9999	1.0050	BND	TELOMERE	BAF_WEIGHTED	6982	0.4606	150746658	150746658	0.0000	1.9993
8	1	45338886	3.3374	28987	0.5344	0.5344	TELOMERE	CENTROMERE	BAF_WEIGHTED	39044	0.4128	1	1	1.5538	1.7836
8	45338887	78515534	3.3337	14568	0.5344	0.5344	CENTROMERE	DEL	BAF_WEIGHTED	29341	0.3876	45338887	45338887	1.5521	1.7817
8	78515535	78517419	3.0889	0	0.0000	0.5025	DEL	INV	STRUCTURAL_VARIANT	0	0.0000	78515535	78515535	1.5368	1.5521
8	78517420	78517776	3.2441	0	0.0000	0.5216	INV	DEL	STRUCTURAL_VARIANT	0	0.0000	78517420	78517420	1.5521	1.6920
8	78517777	78517777	3.4942	0	0.0000	0.5558	DEL	INV	STRUCTURAL_VARIANT	0	0.0000	78517777	78517777	1.5521	1.9421
8	78517778	78518236	3.3369	0	0.0000	0.5349	INV	INV	STRUCTURAL_VARIANT	0	0.0000	78517778	78517778	1.5521	1.7848
8	78518237	78518239	3.1771	0	0.0000	0.5115	INV	DUP	STRUCTURAL_VARIANT	0	0.0000	78518237	78518237	1.5521	1.6250
8	78518240	112062419	3.3528	14186	0.5343	0.5343	DUP	DEL	BAF_WEIGHTED	31130	0.3788	78518240	78518240	1.5612	1.7916
8	112062420	112063211	3.1347	0	0.0000	0.5019	DEL	INV	STRUCTURAL_VARIANT	0	0.0000	112062420	112062420	1.5612	1.5734
8	112063212	112063330	3.3021	0	0.0000	0.5272	INV	DUP	STRUCTURAL_VARIANT	0	0.0000	112063212	112063212	1.5612	1.7408
8	112063331	112063581	3.1364	0	0.0000	0.5022	DUP	DEL	STRUCTURAL_VARIANT	0	0.0000	112063331	112063331	1.5612	1.5752
8	112063582	131248115	3.3546	8424	0.5342	0.5342	DEL	DUP	BAF_WEIGHTED	18228	0.3868	112063582	112063582	1.5625	1.7921
8	131248116	131274646	4.0790	16	0.5745	0.5749	DUP	DUP	BAF_WEIGHTED	25	0.3843	131248116	131248116	1.7341	2.3449
8	131274647	146364022	3.3613	8235	0.5336	0.5336	DUP	TELOMERE	BAF_WEIGHTED	12813	0.4453	131274647	131274647	1.5678	1.7934
9	1	28031835	1.9986	19827	1.0000	1.0051	TELOMERE	INV	BAF_WEIGHTED	25941	0.3806	1	1	0.0000	1.9986
9	28031836	28031862	0.9129	0	0.0000	1.0000	INV	INV	STRUCTURAL_VARIANT	0	0.0000	28031836	28031836	0.0000	0.9129
9	28031863	28034298	1.9211	2	1.0000	1.0053	INV	DEL	BAF_WEIGHTED	2	0.4270	28031863	28031863	0.0000	1.9211
9	28034299	28034466	1.0220	0	0.0000	1.0099	DEL	INV	STRUCTURAL_VARIANT	0	0.0000	28034299	28034299	0.0000	1.0220
9	28034467	28059140	2.0269	17	1.0000	1.0050	INV	INV	BAF_WEIGHTED	23	0.3638	28034467	28034467	0.0000	2.0269
9	28059141	28157691	1.0096	68	1.0000	1.0100	INV	DEL	BAF_WEIGHTED	78	0.3622	28059141	28059141	0.0000	1.0096
9	28157692	30338964	1.9798	1957	1.0000	1.0051	DEL	SGL	BAF_WEIGHTED	2052	0.3504	28157692	28157692	0.0000	1.9798
9	30338965	48867678	3.9423	3571	0.5292	0.5071	SGL	CENTROMERE	BAF_WEIGHTED	7535	0.4210	30338965	30338965	1.9431	1.9991
9	48867679	141213431	3.7043	33958	0.5411	0.5396	CENTROMERE	TELOMERE	BAF_WEIGHTED	63170	0.4257	48867679	48867679	1.7055	1.9987
10	1	7059510	2.0078	5127	1.0000	1.0050	TELOMERE	BND	BAF_WEIGHTED	6415	0.4300	1	1	0.0000	2.0078
10	7059511	7132874	2.9477	18	0.6667	0.6678	BND	BND	BAF_WEIGHTED	64	0.4130	7059511	7059511	0.9791	1.9686
10	7132875	7634372	1.9565	263	1.0000	1.0052	BND	BND	BAF_WEIGHTED	484	0.4366	7132875	7132875	0.0000	1.9565
10	7634373	33386453	2.8037	14768	0.7096	0.7111	BND	DEL	BAF_WEIGHTED	23770	0.4050	7634373	7634373	0.8099	1.9938
10	33386454	36118408	1.9916	1428	1.0000	1.0051	DEL	INV	BAF_WEIGHTED	2631	0.4162	33386454	33386454	0.0000	1.9916
10	36118409	36119060	1.9520	0	0.0000	1.0052	INV	DEL	STRUCTURAL_VARIANT	0	0.0000	36118409	36118409	0.0000	1.9520
10	36119061	36119127	2.7208	0	0.0000	1.0037	DEL	BND	STRUCTURAL_VARIANT	0	0.0000	36119061	36119061	0.0000	2.7208
10	36119128	40754934	1.9550	1032	1.0000	1.0052	BND	CENTROMERE	BAF_WEIGHTED	2166	0.3921	36119128	36119128	0.0000	1.9550
10	40754935	55476346	2.0038	5305	1.0000	1.0050	CENTROMERE	DEL	BAF_WEIGHTED	8156	0.4148	40754935	40754935	0.0000	2.0038
10	55476347	55476897	1.7236	0	0.0000	1.0059	DEL	DEL	STRUCTURAL_VARIANT	0	0.0000	55476347	55476347	0.0000	1.7236
10	55476898	60477223	1.9844	2773	1.0000	1.0051	DEL	BND	BAF_WEIGHTED	4683	0.3519	55476898	55476898	0.0000	1.9844
10	60477224	60477422	3.6385	0	0.0000	1.0028	BND	BND	STRUCTURAL_VARIANT	0	0.0000	60477224	60477224	0.0000	3.6385
10	60477423	83641806	2.0132	12231	1.0000	1.0050	BND	DEL	BAF_WEIGHTED	21463	0.4149	60477423	60477423	0.0000	2.0132
10	83641807	83827665	1.8166	146	1.0000	1.0056	DEL	DEL	BAF_WEIGHTED	173	0.3741	83641807	83641807	0.0000	1.8166
10	83827666	86057425	1.9937	1949	1.0000	1.0051	DEL	INV	BAF_WEIGHTED	2126	0.3836	83827666	83827666	0.0000	1.9937
10	86057426	89700299	2.0032	1636	1.0000	1.0050	INV	DEL	BAF_WEIGHTED	2998	0.4173	86057426	86057426	0.0000	2.0032
10	89700300	89712340	0.0000	0	0.0000	1.0000	DEL	DEL	BAF_WEIGHTED	10	0.3634	89700300	89700300	0.0000	0.0000
10	89712341	135534747	2.0157	24184	1.0000	1.0050	DEL	TELOMERE	BAF_WEIGHTED	42359	0.4274	89712341	89712341	0.0000	2.0157
11	1	37459924	3.2327	23431	1.0000	1.0031	TELOMERE	INV	BAF_WEIGHTED	33199	0.4085	1	1	0.0000	3.2327
11	37459925	37460103	3.3872	0	0.0000	1.0030	INV	INV	STRUCTURAL_VARIANT	0	0.0000	37459925	37459925	0.0000	3.3872
11	37460104	40859239	3.1781	1353	1.0000	1.0032	INV	INV	BAF_WEIGHTED	3196	0.3566	37460104	37460104	0.0000	3.1781
11	40859240	40859858	2.8953	0	0.0000	1.0035	INV	INV	STRUCTURAL_VARIANT	0	0.0000	40859240	40859240	0.0000	2.8953
11	40859859	53144204	2.9759	3284	1.0000	1.0034	INV	CENTROMERE	BAF_WEIGHTED	8095	0.4218	40859859	40859859	0.0000	2.9759
11	53144205	79191613	2.9552	9507	1.0000	1.0034	CENTROMERE	BND	BAF_WEIGHTED	20776	0.4583	53144205	53144205	0.0000	2.9552
11	79191614	79191627	3.2802	0	0.0000	1.0031	BND	BND	STRUCTURAL_VARIANT	0	0.0000	79191614	79191614	0.0000	3.2802
11	79191628	80785600	2.9085	1039	1.0000	1.0035	BND	DEL	BAF_WEIGHTED	1540	0.3811	79191628	79191628	0.0000	2.9085
11	80785601	81093781	1.5454	377	1.0000	1.0065	DEL	DEL	BAF_WEIGHTED	297	0.3599	80785601	80785601	0.0000	1.5454
11	81093782	135006516	2.9043	29427	1.0000	1.0035	DEL	TELOMERE	BAF_WEIGHTED	49406	0.4034	81093782	81093782	0.0000	2.9043
12	1	36356693	3.0154	20114	0.6671	0.6682	TELOMERE	CENTROMERE	BAF_WEIGHTED	30933	0.4008	1	1	1.0005	2.0149
12	36356694	72666891	3.0198	16347	0.6683	0.6695	CENTROMERE	BND	BAF_WEIGHTED	31627	0.4026	36356694	36356694	0.9982	2.0217
12	72666892	72667074	4.7817	0	0.0000	0.7913	BND	BND	STRUCTURAL_VARIANT	0	0.0000	72666892	72666892	0.9982	3.7835
12	72667075	92161146	3.0280	9357	0.6674	0.6685	BND	DEL	BAF_WEIGHTED	18292	0.3586	72667075	72667075	1.0037	2.0244
12	92161147	92161181	2.1064	0	0.0000	0.5301	DEL	DEL	STRUCTURAL_VARIANT	0	0.0000	92161147	92161147	0.9899	1.1166
12	92161182	129771777	2.9848	19542	0.6672	0.6684	DEL	SGL	BAF_WEIGHTED	35499	0.4322	92161182	92161182	0.9899	1.9950
12	129771778	129771779	1.4644	0	0.0000	0.6759	SGL	SGL	STRUCTURAL_VARIANT	0	0.0000	129771778	129771778	0.4746	0.9899
12	129771780	133851895	2.9825	2606	0.6666	0.6677	SGL	TELOMERE	BAF_WEIGHTED	3225	0.4789	129771780	129771780	0.9910	1.9915
13	1	17499999	3.1619	0	0.0000	0.5435	TELOMERE	CENTROMERE	LONG_ARM	0	0.0000	1	1	1.4434	1.7184
13	17500000	60557026	3.1619	21932	0.5432	0.5435	CENTROMERE	SGL	BAF_WEIGHTED	37927	0.3945	17500000	17500000	1.4434	1.7184
13	60557027	115169878	3.1450	30350	0.5430	0.5433	SGL	TELOMERE	BAF_WEIGHTED	51098	0.3745	60557027	60557027	1.4363	1.7087
14	1	17499999	3.0181	0	0.0000	1.0033	TELOMERE	CENTROMERE	LONG_ARM	0	0.0000	1	1	0.0000	3.0181
14	17500000	41217952	3.0181	10938	1.0000	1.0033	CENTROMERE	DUP	BAF_WEIGHTED	19019	0.3898	17500000	17500000	0.0000	3.0181
14	41217953	41244106	3.2183	26	1.0000	1.0031	DUP	DUP	BAF_WEIGHTED	26	0.3497	41217953	41217953	0.0000	3.2183
14	41244107	73014648	3.0232	14047	1.0000	1.0033	DUP	DUP	BAF_WEIGHTED	29314	0.3923	41244107	41244107	0.0000	3.0232
14	73014649	73014746	7.0894	0	0.0000	1.0014	DUP	DUP	STRUCTURAL_VARIANT	0	0.0000	73014649	73014649	0.0000	7.0894
14	73014747	92116005	3.0054	10852	1.0000	1.0034	DUP	BND	BAF_WEIGHTED	18207	0.4074	73014747	73014747	0.0000	3.0054
14	92116006	107349540	3.0207	7133	1.0000	1.0033	BND	TELOMERE	BAF_WEIGHTED	12479	0.4645	92116006	92116006	0.0000	3.0207
15	1	18499999	3.7403	0	0.0000	0.5225	TELOMERE	CENTROMERE	LONG_ARM	0	0.0000	1	1	1.7861	1.9542
15	18500000	23685606	3.7403	21	0.5237	0.5225	CENTROMERE	BND	BAF_WEIGHTED	348	0.4579	18500000	18500000	1.7861	1.9542
15	23685607	23686071	4.3870	0	0.0000	0.5373	BND	BND	STRUCTURAL_VARIANT	0	0.0000	23685607	23685607	2.0300	2.3569
15	23686072	23706878	4.8011	38	0.5768	0.5772	BND	BND	BAF_WEIGHTED	14	0.4129	23686072	23686072	2.0300	2.7711
15	23706879	23712618	5.7932	6	0.6500	0.6505	BND	BND	BAF_WEIGHTED	4	0.3460	23706879	23706879	2.0246	3.7686
15	23712619	23717165	4.7297	5	0.5730	0.5733	BND	BND	BAF_WEIGHTED	3	0.4230	23712619	23712619	2.0181	2.7116
15	23717166	23831659	5.8468	114	0.6490	0.6495	BND	INV	BAF_WEIGHTED	110	0.3951	23717166	23717166	2.0492	3.7976
15	23831660	23992702	3.8804	44	0.5260	0.5154	INV	INV	BAF_WEIGHTED	142	0.4108	23831660	23831660	1.8804	2.0000
15	23992703	41621293	2.0054	8777	1.0000	1.0050	INV	DUP	BAF_WEIGHTED	14297	0.4109	23992703	23992703	0.0000	2.0054
15	41621294	41628508	3.8685	0	0.0000	1.0026	DUP	DUP	BAF_WEIGHTED	6	0.4413	41621294	41621294	0.0000	3.8685
15	41628509	84810724	2.0132	18679	1.0000	1.0050	DUP	BND	BAF_WEIGHTED	39318	0.4223	41628509	41628509	0.0000	2.0132
15	84810725	102531392	4.0191	11089	0.5284	0.5033	BND	TELOMERE	BAF_WEIGHTED	16125	0.4239	84810725	84810725	1.9963	2.0228
16	1	34197000	3.2852	17583	0.5990	0.5996	TELOMERE	NONE	BAF_WEIGHTED	25064	0.4589	1	1	1.3155	1.9697
16	34197001	36835800	2.0088	75	1.0000	1.0050	NONE	CENTROMERE	BAF_WEIGHTED	907	0.4091	34008001	34197001	0.0000	2.0088
16	36835801	58624545	2.0043	4765	1.0000	1.0050	CENTROMERE	DEL	BAF_WEIGHTED	11370	0.4365	36835801	36835801	0.0000	2.0043
16	58624546	58663330	-0.0117	0	0.0000	1.0000	DEL	DEL	BAF_WEIGHTED	37	0.4419	58624546	58624546	0.0000	-0.0117
16	58663331	78928636	1.9858	9844	1.0000	1.0051	DEL	DEL	BAF_WEIGHTED	18396	0.4137	58663331	58663331	0.0000	1.9858
16	78928637	79095003	0.9455	157	1.0000	1.0000	DEL	DEL	BAF_WEIGHTED	163	0.4357	78928637	78928637	0.0000	0.9455
16	79095004	90354753	1.9962	7978	1.0000	1.0051	DEL	TELOMERE	BAF_WEIGHTED	9536	0.4785	79095004	79095004	0.0000	1.9962
17	1	23763005	2.9946	11556	0.6717	0.6729	TELOMERE	CENTROMERE	BAF_WEIGHTED	18056	0.4604	1	1	0.9796	2.0150
17	23763006	81195210	3.0496	23249	0.6729	0.6740	CENTROMERE	TELOMERE	BAF_WEIGHTED	48735	0.4521	23763006	23763006	0.9941	2.0555
18	1	9868616	2.0188	6576	1.0000	1.0050	TELOMERE	BND	BAF_WEIGHTED	9262	0.4013	1	1	0.0000	2.0188
18	9868617	16960897	2.8688	2519	0.7113	0.7128	BND	CENTROMERE	BAF_WEIGHTED	3912	0.4294	9868617	9868617	0.8239	2.0448
18	16960898	66379461	2.8498	23112	0.7053	0.7067	CENTROMERE	DEL	BAF_WEIGHTED	45305	0.3908	16960898	16960898	0.8358	2.0140
18	66379462	66382826	2.1519	0	0.0000	0.6116	DEL	DEL	BAF_WEIGHTED	2	0.4235	66379462	66379462	0.8358	1.3161
18	66382827	78077248	2.8675	7375	0.7049	0.7063	DEL	TELOMERE	BAF_WEIGHTED	10753	0.4050	66382827	66382827	0.8421	2.0255
19	1	17396810	2.8715	8575	0.6862	0.6875	TELOMERE	BND	BAF_WEIGHTED	13812	0.5128	1	1	0.8974	1.9742
19	17396811	17397641	2.0009	0	0.0000	0.5515	BND	BND	STRUCTURAL_VARIANT	0	0.0000	17396811	17396811	0.8974	1.1035
19	17397642	26181781	2.8971	3984	0.6854	0.6867	BND	CENTROMERE	BAF_WEIGHTED	5944	0.4510	17397642	17397642	0.9077	1.9894
19	26181782	59128983	2.9317	16459	0.6856	0.6869	CENTROMERE	TELOMERE	BAF_WEIGHTED	26603	0.4750	26181782	26181782	0.9180	2.0136
20	1	13160728	4.0333	7982	0.5285	0.5040	TELOMERE	DEL	BAF_WEIGHTED	12346	0.4159	1	1	2.0003	2.0330
20	13160729	13164100	2.1348	1	1.0000	1.0047	DEL	DEL	BAF_WEIGHTED	3	0.4143	13160729	13160729	0.0000	2.1348
20	13164101	14962956	3.9926	794	0.5294	0.5010	DEL	DEL	BAF_WEIGHTED	1703	0.3827	13164101	13164101	1.9923	2.0003
20	14962957	14988824	3.0235	1	0.5714	0.5719	DEL	DEL	BAF_WEIGHTED	24	0.3914	14962957	14962957	1.2944	1.7290
20	14988825	15000623	2.5886	0	0.0000	0.6052	DEL	DEL	BAF_WEIGHTED	11	0.4115	14988825	14988825	1.0220	1.5666
20	15000624	15013842	1.6015	4	0.6364	0.6381	DEL	DEL	BAF_WEIGHTED	11	0.4174	15000624	15000624	0.5796	1.0220
20	15013843	15013948	2.6008	0	0.0000	0.6418	DEL	DEL	STRUCTURAL_VARIANT	0	0.0000	15013843	15013843	0.9315	1.6693
20	15013949	15108817	3.6839	84	0.5466	0.5469	DEL	DEL	BAF_WEIGHTED	94	0.3791	15013949	15013949	1.6693	2.0145
20	15108818	27869568	4.0246	6153	0.5292	0.5045	DEL	CENTROMERE	BAF_WEIGHTED	9928	0.4273	15108818	15108818	1.9943	2.0303
20	27869569	37274466	3.9932	2204	0.5292	0.5055	CENTROMERE	BND	BAF_WEIGHTED	6967	0.4665	27869569	27869569	1.9747	2.0185
20	37274467	37274467	4.4091	0	0.0000	0.5508	BND	BND	STRUCTURAL_VARIANT	0	0.0000	37274467	37274467	1.9806	2.4285
20	37274468	37274667	4.8675	0	0.0000	0.5931	BND	BND	STRUCTURAL_VARIANT	0	0.0000	37274468	37274468	1.9806	2.8869
20	37274668	63025520	4.0206	12132	0.5288	0.5074	BND	TELOMERE	BAF_WEIGHTED	23519	0.4540	37274668	37274668	1.9806	2.0399
21	1	12788128	2.9967	0	0.0000	0.6727	TELOMERE	CENTROMERE	LONG_ARM	0	0.0990	1	1	0.9807	2.0160
21	12788129	42818741	2.9967	16788	0.6716	0.6727	CENTROMERE	DEL	BAF_WEIGHTED	26089	0.3899	12788129	12788129	0.9807	2.0160
21	42818742	42820833	2.7202	0	0.0000	0.6395	DEL	DEL	BAF_WEIGHTED	1	0.4930	42818742	42818742	0.9807	1.7395
21	42820834	48129895	3.0359	2544	0.6687	0.6699	DEL	TELOMERE	BAF_WEIGHTED	4237	0.5061	42820834	42820834	1.0023	2.0336
22	1	14499999	3.9950	0	0.0000	0.5057	TELOMERE	CENTROMERE	LONG_ARM	0	0.0000	1	1	1.9746	2.0203
22	14500000	33759249	3.9950	7489	0.5292	0.5057	CENTROMERE	DEL	BAF_WEIGHTED	13015	0.4702	14500000	14500000	1.9746	2.0203
22	33759250	33838398	2.8923	24	0.6550	0.6561	DEL	DEL	BAF_WEIGHTED	75	0.4306	33759250	33759250	0.9948	1.8976
22	33838399	51304566	3.9811	10762	0.5293	0.5028	DEL	TELOMERE	BAF_WEIGHTED	15260	0.4898	33838399	33838399	1.9793	2.0018
X	1	31196943	1.9736	0	0.0000	1.0000	TELOMERE	DEL	BAF_WEIGHTED	26358	0.3946	1	1	0.0000	1.9736
X	31196944	31216210	1.0105	0	0.0000	1.0000	DEL	DEL	BAF_WEIGHTED	17	0.3912	31196944	31196944	0.0000	1.0105
X	31216211	31301203	1.9915	0	0.0000	1.0000	DEL	DEL	BAF_WEIGHTED	82	0.3936	31216211	31216211	0.0000	1.9915
X	31301204	32038749	0.9801	0	0.0000	1.0000	DEL	DEL	BAF_WEIGHTED	693	0.3684	31301204	31301204	0.0000	0.9801
X	32038750	32077855	1.9690	0	0.0000	1.0000	DEL	DEL	BAF_WEIGHTED	37	0.3517	32038750	32038750	0.0000	1.9690
X	32077856	32098532	1.0782	0	0.0000	1.0000	DEL	DEL	BAF_WEIGHTED	19	0.3533	32077856	32077856	0.0000	1.0782
X	32098533	32201251	0.0722	0	0.0000	1.0000	DEL	DEL	BAF_WEIGHTED	101	0.3700	32098533	32098533	0.0000	0.0722
X	32201252	32293096	1.0449	0	0.0000	1.0000	DEL	DEL	BAF_WEIGHTED	87	0.3545	32201252	32201252	0.0000	1.0449
X	32293097	34059778	1.9580	0	0.0000	1.0000	DEL	DEL	BAF_WEIGHTED	1703	0.3556	32293097	32293097	0.0000	1.9580
X	34059779	34062704	0.0000	0	0.0000	1.0000	DEL	DEL	BAF_WEIGHTED	2	0.3600	34059779	34059779	0.0000	0.0000
X	34062705	60132011	1.9647	0	0.0000	1.0000	DEL	CENTROMERE	BAF_WEIGHTED	20667	0.4066	34062705	34062705	0.0000	1.9647
X	60132012	155270560	1.9574	0	0.0000	1.0000	CENTROMERE	TELOMERE	BAF_WEIGHTED	77737	0.3874	60132012	60132012	0.0000	1.9574
Y	1	11604552	0.0000	0	0.0000	1.0000	TELOMERE	CENTROMERE	BAF_WEIGHTED	2538	0.4076	1	1	0.0000	0.0000
Y	11604553	59373566	0.1275	0	0.0000	1.0000	CENTROMERE	TELOMERE	BAF_WEIGHTED	6977	0.3867	11604553	11604553	0.0000	0.1275
