alt	ref	trinucleotideContext	count	originalQual	recalibratedQual
A	A	AAA	133458869	37	37.00
T	T	TTT	132062489	37	37.00
A	A	CAG	130223020	37	37.00
T	T	CTG	129040500	37	37.00
C	C	CCA	114742919	37	37.00
G	G	TGG	113154096	37	37.00
C	C	CCT	112040848	37	37.00
G	G	AGG	111937267	37	37.00
C	C	CCC	111550861	37	37.00
G	G	GGG	110157642	37	37.00
T	T	CTC	100451979	37	37.00
A	A	GAG	100026329	37	37.00
G	G	AGA	99391966	37	37.00
C	C	TCT	98805531	37	37.00
C	C	ACA	97270530	37	37.00
G	G	TGT	96538505	37	37.00
C	C	GCC	96244288	37	37.00
G	G	GGC	95840374	37	37.00
A	A	CAC	95635857	37	37.00
T	T	GTG	94509311	37	37.00
G	G	GGA	94057543	37	37.00
C	C	TCC	93933327	37	37.00
C	C	TCA	90116262	37	37.00
G	G	TGA	89683969	37	37.00
C	C	GCA	88524605	37	37.00
G	G	TGC	88034756	37	37.00
G	G	AGC	87220877	37	37.00
C	C	GCT	86215054	37	37.00
T	T	TTC	84402737	37	37.00
A	A	GAA	84280054	37	37.00
A	A	AAG	82649694	37	37.00
T	T	CTT	81316355	37	37.00
A	A	AAT	79672224	37	37.00
T	T	ATT	78792954	37	37.00
T	T	ATG	77823925	37	37.00
A	A	CAT	77762488	37	37.00
A	A	CAA	76821045	37	37.00
T	T	TTG	76575710	37	37.00
C	C	ACC	69779571	37	37.00
G	G	GGT	69403155	37	37.00
C	C	ACT	69129904	37	37.00
G	G	AGT	69079602	37	37.00
T	T	TTA	67172304	37	37.00
A	A	TAA	67033331	37	37.00
T	T	ATA	61404535	37	37.00
A	A	TAT	60959336	37	37.00
A	A	AAC	58637883	37	37.00
T	T	GTT	58253662	37	37.00
A	A	GAT	57005034	37	37.00
T	T	ATC	56910247	37	37.00
T	T	GTC	56644502	37	37.00
A	A	GAC	56539720	37	37.00
A	A	TAG	46214795	37	37.00
T	T	CTA	46126936	37	37.00
A	A	TAC	42396271	37	37.00
T	T	GTA	42353684	37	37.00
C	C	CCG	34028300	37	37.00
G	G	CGG	33839243	37	37.00
G	G	CGC	27595023	37	37.00
C	C	GCG	27480389	37	37.00
G	G	CGT	23536985	37	37.00
C	C	ACG	23473140	37	37.00
C	C	TCG	18481437	37	37.00
G	G	CGA	18258496	37	37.00
A	A	AAA	6554387	25	25.00
T	T	TTT	6491680	25	25.00
A	A	CAG	5033284	25	25.00
T	T	CTG	4965511	25	25.00
A	A	AAG	4727008	25	25.00
A	A	AAT	4653459	25	25.00
T	T	CTT	4604333	25	25.00
T	T	ATT	4601207	25	25.00
A	A	CAC	3765658	25	25.00
T	T	GTG	3718636	25	25.00
A	A	AAC	3418719	25	25.00
T	T	GTT	3404115	25	25.00
T	T	ATG	3278596	25	25.00
A	A	CAT	3273192	25	25.00
T	T	CTC	3175807	25	25.00
A	A	GAG	3158254	25	25.00
A	A	AAA	2819566	11	11.00
T	T	TTT	2798248	11	11.00
G	G	AGA	2642954	25	25.00
A	A	CAA	2640458	25	25.00
T	T	ATA	2636259	25	25.00
T	T	TTG	2631638	25	25.00
C	C	TCT	2625031	25	25.00
A	A	TAT	2603916	25	25.00
A	A	CAG	2541512	11	11.00
T	T	CTG	2509776	11	11.00
G	G	AGG	2480963	25	25.00
C	C	CCT	2476746	25	25.00
T	T	TTC	2431975	25	25.00
A	A	GAA	2421463	25	25.00
C	C	CCA	2398123	25	25.00
G	G	TGG	2383729	25	25.00
C	C	CCC	2336298	25	25.00
T	T	TTA	2327498	25	25.00
A	A	TAA	2324569	25	25.00
G	G	GGG	2310754	25	25.00
A	A	AAG	2199699	11	11.00
T	T	CTT	2135789	11	11.00
G	G	AGC	2126019	25	25.00
A	A	AAT	2112248	11	11.00
C	C	GCC	2094029	25	25.00
T	T	ATT	2088170	11	11.00
C	C	GCT	2087369	25	25.00
C	C	ACA	2080359	25	25.00
G	G	GGC	2077988	25	25.00
G	G	TGT	2059965	25	25.00
C	C	GCA	2025607	25	25.00
G	G	GGA	2021213	25	25.00
G	G	TGC	2020642	25	25.00
C	C	TCC	2010836	25	25.00
A	A	CAC	1919064	11	11.00
T	T	GTG	1896732	11	11.00
C	C	TCA	1883882	25	25.00
G	G	TGA	1882413	25	25.00
A	A	TAG	1855929	25	25.00
T	T	CTA	1851908	25	25.00
A	A	GAT	1831336	25	25.00
T	T	ATC	1814448	25	25.00
T	T	CTC	1775587	11	11.00
A	A	GAG	1759886	11	11.00
C	C	ACT	1753408	25	25.00
G	G	AGT	1751351	25	25.00
T	T	GTC	1702826	25	25.00
A	A	GAC	1695007	25	25.00
A	A	TAC	1574872	25	25.00
T	T	ATG	1567895	11	11.00
T	T	GTA	1567683	25	25.00
A	A	CAT	1564050	11	11.00
A	A	AAC	1514433	11	11.00
T	T	GTT	1513582	11	11.00
G	G	GGT	1492577	25	25.00
C	C	ACC	1483614	25	25.00
G	G	AGA	1423040	11	11.00
C	C	TCT	1414251	11	11.00
T	T	ATA	1174639	11	11.00
A	A	TAT	1157352	11	11.00
G	G	AGG	1144580	11	11.00
C	C	CCT	1144331	11	11.00
A	A	CAA	1132415	11	11.00
T	T	TTG	1126823	11	11.00
G	G	TGG	1072716	11	11.00
C	C	CCA	1072512	11	11.00
C	C	ACA	1056829	11	11.00
G	G	AGC	1056616	11	11.00
C	C	CCC	1045530	11	11.00
G	G	TGT	1044912	11	11.00
G	G	GGG	1027711	11	11.00
C	C	GCT	1026377	11	11.00
T	T	TTC	985438	11	11.00
A	A	GAA	984165	11	11.00
G	G	GGA	976296	11	11.00
C	C	TCC	971137	11	11.00
T	T	TTA	956930	11	11.00
A	A	TAA	953028	11	11.00
G	G	TGA	951459	11	11.00
C	C	TCA	947455	11	11.00
A	A	GAT	911472	11	11.00
C	C	GCA	906601	11	11.00
G	G	TGC	904280	11	11.00
G	G	AGT	886578	11	11.00
C	C	ACT	882705	11	11.00
T	T	ATC	882595	11	11.00
C	C	GCC	869594	11	11.00
A	A	TAG	862674	11	11.00
T	T	CTA	858777	11	11.00
G	G	GGC	858333	11	11.00
T	T	GTC	767270	11	11.00
A	A	GAC	760734	11	11.00
G	G	CGG	749798	25	25.00
C	C	CCG	747484	25	25.00
G	G	CGC	727984	25	25.00
C	C	GCG	720335	25	25.00
G	G	GGT	713258	11	11.00
C	C	ACC	698136	11	11.00
A	A	TAC	688531	11	11.00
T	T	GTA	686764	11	11.00
G	G	CGT	499074	25	25.00
C	C	ACG	496739	25	25.00
C	C	TCG	424455	25	25.00
G	G	CGA	416627	25	25.00
G	G	CGC	367254	11	11.00
C	C	GCG	360916	11	11.00
G	G	CGG	339873	11	11.00
C	C	CCG	338125	11	11.00
G	G	CGT	253193	11	11.00
C	C	ACG	252015	11	11.00
C	C	TCG	212610	11	11.00
G	G	CGA	208566	11	11.00
C	A	CAG	165323	11	12.14
G	T	CTG	162535	11	12.16
A	T	CTC	137014	11	11.45
T	A	GAG	135666	11	11.45
C	A	AAA	128322	11	13.61
G	T	TTT	127603	11	13.60
C	A	CAC	123590	11	12.18
G	T	GTG	121684	11	12.20
C	A	AAG	119137	11	12.89
G	T	CTT	117605	11	12.82
T	G	AGA	110415	11	11.43
A	C	TCT	108438	11	11.47
C	A	AAT	104192	11	13.28
G	T	ATT	103642	11	13.25
A	T	CTG	100925	11	14.13
T	A	CAG	100699	11	14.19
A	C	ACA	89650	11	11.07
T	G	TGT	87728	11	11.11
G	T	ATG	87015	11	12.79
C	A	CAT	86986	11	12.78
G	T	CTC	85618	11	13.37
C	A	GAG	84790	11	13.38
T	G	TGA	83447	11	10.93
A	C	TCA	82658	11	10.96
G	T	GTT	76970	11	13.15
C	A	AAC	76283	11	13.19
T	G	TGG	74088	11	11.90
A	C	CCA	73476	11	11.93
A	C	ACT	66004	11	11.58
T	G	GGA	65742	11	12.00
T	G	AGT	65547	11	11.62
A	C	TCC	65307	11	12.01
T	A	CAC	63347	11	14.95
T	G	AGG	62745	11	12.84
A	C	CCT	62385	11	12.87
T	A	GAT	62280	11	11.94
A	T	GTG	61937	11	15.00
A	C	GCA	60885	11	12.01
T	G	TGC	60754	11	12.01
A	T	TTT	60253	11	16.76
A	C	CCC	60161	11	12.64
T	A	AAA	60060	11	16.81
A	T	ATC	59277	11	12.01
T	G	GGG	58344	11	12.70
C	A	CAA	56472	11	13.23
G	T	TTG	55596	11	13.28
T	A	AAG	55585	11	16.08
T	G	AGC	54057	11	13.13
A	T	CTT	53980	11	16.08
A	C	GCT	53134	11	13.08
G	T	ATA	51984	11	13.73
A	T	TTC	51928	11	13.01
T	A	GAA	51830	11	13.01
C	A	TAT	50744	11	13.77
T	A	CAT	50488	11	15.05
A	T	ATG	50290	11	15.08
T	G	GGT	48355	11	11.97
T	A	AAT	46734	11	16.65
A	C	ACC	46720	11	12.03
A	C	GCC	46352	11	12.96
A	T	ATT	45763	11	16.69
T	G	GGC	45757	11	12.96
G	T	CTA	43387	11	13.18
C	A	TAG	43331	11	13.20
A	T	ATA	42498	11	14.57
T	A	TAT	41215	11	14.64
C	A	TAA	40452	11	13.90
G	T	TTA	40452	11	13.92
C	G	AGC	37484	11	14.65
T	T	CTC	37311	1	1.00
G	T	GTC	37102	11	13.36
A	T	GTC	36879	11	13.39
C	A	GAC	36323	11	13.41
T	A	GAC	36303	11	13.42
G	C	GCT	35921	11	14.71
T	A	TAG	35387	11	14.04
T	A	CAA	35305	11	15.20
A	A	CAG	35296	1	1.00
T	T	CTG	35208	1	1.00
A	A	GAG	35112	1	1.00
A	T	CTA	34920	11	14.08
A	T	TTG	34839	11	15.23
C	A	TAC	34252	11	13.24
C	A	GAT	34004	11	14.44
G	T	GTA	33640	11	13.31
G	T	ATC	32437	11	14.50
T	A	AAC	32319	11	16.80
G	C	TCT	32236	11	16.52
A	T	GTT	32092	11	16.83
G	T	TTC	31963	11	15.03
C	A	GAA	31959	11	15.02
C	G	AGA	31882	11	16.59
G	C	CCT	29748	11	15.96
C	G	AGG	29146	11	16.05
A	T	TTA	28863	11	15.33
T	A	TAA	28696	11	15.34
A	A	CAC	25566	1	1.00
T	T	GTG	24368	1	1.00
G	C	CCC	22428	11	16.78
C	G	CGC	22162	11	12.45
T	A	TAC	21893	11	15.11
C	G	GGG	21874	11	16.81
G	C	GCG	21760	11	12.45
A	T	GTA	21370	11	15.20
G	A	GAG	21110	11	19.26
C	T	CTC	21012	11	19.32
G	C	GCC	19699	11	16.55
T	T	CTT	19655	1	1.00
A	A	AAG	19142	1	1.00
C	G	GGC	19058	11	16.63
A	C	CCG	18578	11	12.83
G	C	CCA	18358	11	17.74
C	G	TGG	18242	11	17.77
C	G	TGT	18214	11	17.66
G	G	AGA	18111	1	1.00
C	C	TCT	18065	1	1.00
T	G	CGG	18035	11	12.98
G	C	GCA	17982	11	17.11
C	G	AGT	17879	11	17.04
G	C	ACT	17836	11	17.03
C	G	TGC	17835	11	17.14
G	C	TCC	17813	11	17.44
C	G	GGA	17773	11	17.48
G	C	ACA	17759	11	17.82
G	A	CAG	17197	11	21.73
C	T	CTG	17151	11	21.68
T	G	CGC	16687	11	13.62
T	G	CGT	16387	11	12.16
A	C	GCG	16273	11	13.65
A	C	ACG	16237	11	12.18
T	T	TTT	16158	1	1.00
T	T	ATG	15794	1	1.00
A	A	CAT	15614	1	1.00
A	A	AAA	15598	1	1.00
C	G	CGG	15294	11	13.66
G	C	CCG	15154	11	13.68
T	T	ATT	13849	1	1.00
G	C	TCA	13678	11	18.47
A	A	AAT	13563	1	1.00
C	G	GGT	13536	11	17.30
C	G	TGA	13412	11	18.57
G	C	ACC	13210	11	17.31
A	A	GAT	12929	1	1.00
T	T	ATC	12728	1	1.00
A	C	TCG	12681	11	12.50
G	G	TGT	12285	1	1.00
G	G	AGC	12279	1	1.00
T	G	CGA	12197	11	12.58
C	C	ACA	11957	1	1.00
C	C	TCA	11428	1	1.00
G	G	TGA	11409	1	1.00
C	A	CAG	11173	25	26.55
G	T	CTG	10945	25	26.58
C	C	GCT	10918	1	1.00
T	T	GTT	10809	1	1.00
A	A	AAC	10597	1	1.00
G	G	AGG	10567	1	1.00
T	T	GTC	10290	1	1.00
G	G	TGG	10238	1	1.00
C	C	TCC	10229	1	1.00
C	C	CCT	10167	1	1.00
G	G	GGA	9915	1	1.00
A	A	GAC	9822	1	1.00
C	G	CGT	9821	11	14.28
C	C	CCA	9817	1	1.00
G	G	AGT	9740	1	1.00
G	T	GTG	9720	25	25.84
C	C	GCA	9681	1	1.00
G	G	TGC	9639	1	1.00
C	C	ACT	9621	1	1.00
A	A	GAA	9619	1	1.00
C	A	CAC	9616	25	25.94
G	C	ACG	9528	11	14.39
T	T	TTC	9517	1	1.00
A	A	TAG	9456	1	1.00
T	T	CTA	9429	1	1.00
C	T	GTG	9377	11	23.08
G	A	CAG	9345	37	41.44
T	T	ATA	9300	1	1.00
G	A	CAC	9245	11	23.19
C	T	CTG	9219	37	41.46
C	C	CCC	9208	1	1.00
A	A	TAT	9190	1	1.00
G	G	GGG	9140	1	1.00
A	A	CAA	9046	1	1.00
T	T	TTG	8969	1	1.00
G	A	AAG	8688	11	24.05
C	A	AAA	8687	25	28.78
G	C	TCG	8539	11	14.13
G	T	TTT	8514	25	28.83
G	G	CGC	8370	1	1.00
C	T	CTT	8367	11	24.09
C	G	CGA	8165	11	14.24
A	T	CTC	7991	25	26.00
C	A	AAG	7904	25	27.77
G	A	GAT	7847	11	20.69
C	C	GCC	7778	1	1.00
T	A	GAG	7734	25	26.12
G	T	CTT	7722	25	27.76
G	A	CAT	7711	11	23.09
C	T	ATG	7602	11	23.16
G	G	GGC	7414	1	1.00
C	T	CTC	7391	37	41.33
C	C	GCG	7257	1	1.00
C	T	ATC	7228	11	20.90
G	A	GAG	7142	37	41.46
C	A	AAT	6862	25	28.32
G	T	ATT	6814	25	28.30
G	G	GGT	6665	1	1.00
C	T	TTT	6432	11	26.40
A	T	CTG	6415	25	28.89
T	T	TTA	6365	1	1.00
G	A	AAA	6352	11	26.48
C	C	ACC	6316	1	1.00
G	A	GAA	6249	11	22.00
T	A	CAG	6199	25	29.10
G	A	AAA	6160	37	43.36
A	A	TAA	6131	1	1.00
G	T	ATG	6104	25	27.31
C	T	TTT	6094	37	43.36
C	T	TTC	6045	11	22.15
C	T	GTC	6004	11	21.10
C	T	GTG	6003	37	41.97
T	T	GTA	5966	1	1.00
A	C	CCA	5962	37	42.84
C	A	CAT	5915	25	27.44
G	A	GAC	5912	11	21.13
A	A	TAC	5889	1	1.00
T	G	TGG	5880	37	42.84
G	G	CGG	5693	1	1.00
G	A	CAC	5691	37	42.25
T	G	TGA	5638	37	42.02
G	A	AAG	5627	37	41.67
A	C	TCA	5592	37	42.07
A	G	TGG	5473	37	43.15
G	T	GTT	5459	25	27.96
C	A	AAC	5442	25	27.99
T	C	CCC	5330	37	43.21
A	G	TGT	5321	37	42.59
T	C	CCA	5225	37	43.42
A	C	CCC	5219	37	43.30
A	G	GGC	5176	37	42.68
C	A	CAG	5130	37	44.05
T	C	GCG	5123	37	37.30
A	G	CGC	5066	37	37.36
T	C	ACA	5039	37	42.86
C	T	CTT	5035	37	42.08
A	G	TGC	5027	37	42.43
G	T	GTG	4956	37	42.80
T	C	GCC	4954	37	42.88
G	A	AAT	4939	11	26.32
C	T	ATT	4927	11	26.28
G	A	TAG	4912	11	22.47
T	C	GCA	4885	37	42.58
G	T	CTG	4885	37	44.22
T	G	GGG	4883	37	43.53
C	C	CCG	4871	1	1.00
T	C	CCG	4867	37	38.45
A	G	GGG	4841	37	43.57
A	C	CCT	4832	37	43.65
T	G	AGG	4824	37	43.66
A	G	CGG	4805	37	38.48
C	A	CAC	4779	37	43.01
C	T	TTC	4696	37	42.55
C	T	CTA	4619	11	22.72
C	A	AAA	4616	37	44.61
T	C	TCT	4613	11	24.88
A	C	TCT	4587	37	43.33
T	G	AGA	4565	37	43.38
G	A	CAT	4513	37	42.36
A	G	AGA	4501	11	25.01
G	T	TTT	4449	37	44.73
T	G	TGT	4445	37	43.37
G	A	GAA	4431	37	42.79
C	T	ATG	4426	37	42.45
C	T	ATA	4401	11	24.28
A	C	ACA	4323	37	43.52
G	A	CAA	4278	11	24.24
C	T	TTG	4246	11	24.26
T	G	TGC	4239	37	43.17
A	C	GCA	4178	37	43.26
A	C	ACA	4172	25	26.99
C	A	CAA	4157	25	28.04
G	A	TAT	4115	11	24.51
A	G	GGT	4054	37	42.34
G	T	TTG	4053	25	28.13
T	G	TGT	4041	25	27.08
G	A	GAT	3996	37	41.54
G	G	CGT	3969	1	1.00
C	T	ATA	3905	37	41.97
T	A	GAT	3900	25	26.73
C	A	GAG	3874	25	29.12
A	T	CTC	3856	37	44.16
G	T	CTC	3846	25	29.17
T	A	CAC	3832	25	29.93
T	G	GGA	3830	37	43.90
A	C	GCT	3800	37	43.56
A	C	TCC	3790	37	43.94
G	A	AAC	3782	11	26.04
A	T	CTG	3777	37	45.34
A	T	ATC	3776	25	26.83
A	T	GTG	3750	25	29.97
C	A	AAG	3742	37	43.44
G	A	CAA	3731	37	43.14
T	A	CAG	3717	37	45.45
T	G	AGC	3716	37	43.71
C	T	GTT	3702	11	26.13
T	A	GAG	3692	37	44.33
C	C	ACG	3675	1	1.00
T	C	CCT	3670	37	44.85
G	A	TAT	3663	37	42.21
C	T	TTG	3652	37	43.22
T	C	ACG	3627	37	38.11
A	C	TCT	3588	25	28.65
T	G	TGA	3588	25	27.21
T	G	AGA	3568	25	28.70
A	C	TCA	3555	25	27.25
A	G	TGA	3527	37	44.05
G	T	CTT	3520	37	43.64
A	G	CGT	3482	37	38.30
G	A	AAT	3353	37	43.76
T	G	GGC	3352	37	44.56
C	T	GTC	3344	37	42.29
G	A	TAG	3309	37	41.45
T	C	TCC	3292	37	44.55
A	G	GGA	3286	37	44.57
A	C	GCC	3272	37	44.69
C	T	ATT	3263	37	43.83
A	G	AGG	3262	37	45.36
A	T	GTG	3249	37	44.64
C	T	ATC	3235	37	42.45
C	C	TCG	3218	1	1.00
T	C	TCA	3216	37	44.48
G	G	CGA	3209	1	1.00
C	A	TAT	3207	25	29.10
G	T	ATA	3185	25	29.18
T	C	ACC	3184	37	43.41
G	A	GAC	3170	37	42.51
T	A	CAT	3164	25	30.15
A	T	ATG	3159	25	30.17
T	C	CCC	3154	11	25.22
A	G	AGC	3092	37	44.50
C	A	AAT	3079	37	44.13
A	G	AGC	3069	11	25.38
A	C	CCA	3029	25	28.99
T	C	CCT	3028	11	25.79
T	C	GCT	3013	11	25.34
G	T	ATT	3006	37	44.19
A	G	AGG	3003	11	25.82
T	A	CAC	2997	37	45.04
T	A	AAA	2948	25	33.47
T	G	TGG	2946	25	29.09
A	T	TTT	2938	25	33.45
A	G	GGG	2935	11	25.46
C	A	AAC	2925	37	43.02
T	C	TCT	2924	37	45.29
T	C	GCT	2922	37	44.70
G	T	ATG	2893	37	44.30
C	A	CAT	2871	37	44.33
C	T	CTA	2866	37	42.07
C	T	TTA	2826	11	25.31
A	G	TGG	2815	11	25.82
C	T	GTT	2813	37	43.16
G	A	TAA	2801	37	43.79
G	A	TAA	2774	11	25.37
G	A	TAC	2762	11	23.98
G	A	AAC	2756	37	43.28
G	T	TTA	2720	25	29.33
T	A	GAA	2712	25	29.51
C	A	TAA	2705	25	29.35
G	T	CTA	2682	25	28.40
C	T	TTA	2681	37	43.99
T	A	TAT	2679	25	29.88
G	T	GTT	2678	37	43.38
C	A	TAG	2674	25	28.42
T	A	AAG	2671	25	32.48
T	C	CCA	2671	11	26.05
A	T	CTT	2671	25	32.37
A	T	TTC	2669	25	29.60
T	A	AAT	2660	25	32.43
A	T	ATA	2657	25	29.97
A	T	ATT	2641	25	32.41
C	T	GTA	2612	11	24.21
A	G	TGT	2582	11	26.08
T	C	ACA	2554	11	26.18
G	T	TTG	2533	37	44.80
A	G	AGA	2483	37	46.02
T	G	GGA	2472	25	29.13
A	G	TGC	2463	11	25.66
A	C	TCC	2431	25	29.18
C	G	TGT	2429	37	45.99
A	C	GCA	2422	25	29.23
C	G	AGA	2420	37	46.14
A	C	CCC	2403	25	29.88
C	A	TAC	2392	25	28.19
T	G	TGC	2375	25	29.30
T	A	AAA	2372	37	47.50
G	T	GTC	2357	25	28.59
G	T	GTA	2356	25	28.24
T	G	GGG	2348	25	29.93
A	T	TTT	2348	37	47.50
A	G	GGT	2342	11	24.85
C	T	GTA	2330	37	42.60
A	C	ACT	2324	25	28.78
T	C	GCA	2317	11	25.94
C	A	GAC	2306	25	28.67
T	G	AGT	2289	25	28.84
A	G	GGA	2285	11	26.32
G	C	ACA	2272	37	46.32
A	G	AGT	2270	11	25.93
A	G	CGC	2235	11	22.18
C	A	CAA	2229	37	45.37
A	T	TTA	2229	37	44.79
A	T	ATA	2219	37	44.42
T	A	TAG	2216	25	29.24
T	C	TCC	2201	11	26.46
G	C	TCT	2183	37	46.56
A	T	CTA	2176	25	29.30
A	C	CCT	2169	25	30.58
A	T	ATG	2155	37	45.58
T	A	AAT	2140	37	45.71
T	G	GGT	2138	37	45.11
A	C	CCG	2137	37	42.02
C	G	TGG	2126	37	47.26
G	A	TAC	2112	37	43.03
A	G	AGT	2099	37	45.17
T	G	AGG	2095	25	30.74
T	C	GCG	2093	11	22.39
T	G	AGT	2090	37	45.19
T	C	GCC	2072	11	26.24
T	C	TCG	2071	37	39.51
T	A	GAT	2069	37	44.40
A	G	CGG	2059	11	22.20
T	C	ACT	2057	37	45.26
T	C	ACT	2050	11	26.35
T	A	TAT	2045	37	44.74
A	T	CTC	2045	1	12.84
T	C	CCG	2030	11	22.24
T	A	CAT	2027	37	45.84
A	G	CGA	2022	37	39.56
A	T	GTC	2007	25	29.29
C	G	TGC	1993	37	46.45
A	G	GGC	1988	11	26.36
A	C	ACT	1955	37	45.49
C	G	TGA	1953	37	46.62
T	C	ACC	1945	11	25.56
T	A	CAA	1944	25	31.33
G	C	CCT	1933	37	47.63
T	G	GGT	1923	25	28.91
G	T	TTC	1922	25	31.03
A	C	ACC	1918	37	45.61
G	C	CCA	1914	37	47.78
T	A	GAC	1912	25	29.48
T	G	CGG	1902	37	42.50
C	A	GAT	1883	25	29.88
C	G	AGG	1880	37	47.75
G	C	TCA	1877	37	46.81
C	A	GAA	1866	25	31.14
T	C	TCA	1866	11	27.07
A	T	ATT	1864	37	46.26
A	G	TGA	1847	11	27.13
A	T	TTG	1844	25	31.55
A	T	ATC	1836	37	44.91
T	A	TAA	1828	37	45.64
G	T	CTC	1815	37	47.43
G	C	CCC	1806	37	47.91
C	A	GAG	1804	37	47.44
G	T	ATC	1799	25	30.04
T	A	AAG	1774	37	46.68
C	G	GGG	1769	37	47.94
G	C	TCC	1768	37	47.25
T	G	AGC	1743	25	30.87
A	C	ACC	1735	25	29.33
T	A	GAA	1698	37	46.96
G	T	CTG	1677	1	13.42
A	T	TTA	1672	25	31.44
A	G	CGT	1651	11	21.89
C	G	GGC	1644	37	47.66
A	C	GCC	1642	25	31.06
A	T	TTC	1637	37	47.12
G	T	ATA	1637	37	45.74
T	A	AAC	1627	25	33.23
A	T	GTT	1626	25	33.21
T	G	GGC	1623	25	31.08
A	C	GCT	1619	25	31.11
C	T	CTC	1614	25	32.94
A	T	CTT	1600	37	47.06
T	C	ACG	1598	11	22.01
T	A	TAA	1596	25	31.64
C	T	CTG	1596	25	34.93
G	A	CAG	1592	25	35.00
C	G	AGC	1580	25	31.29
C	A	TAT	1574	37	45.88
A	C	GCG	1568	37	42.44
T	G	CGC	1554	37	42.49
G	T	CTC	1547	1	14.00
C	A	CAG	1542	1	13.78
C	G	AGC	1542	37	47.53
C	G	GGA	1540	37	47.86
G	C	GCC	1537	37	47.97
G	C	GCA	1535	37	47.61
G	A	GAG	1495	25	33.25
G	C	GCT	1491	37	47.62
C	G	CGC	1482	25	26.92
T	A	GAG	1474	1	13.95
G	C	GCG	1464	25	26.93
G	C	GCT	1461	25	31.55
G	T	TTA	1406	37	46.79
C	A	TAA	1384	37	46.85
T	A	GAC	1376	37	46.14
G	C	CCT	1353	25	32.63
A	T	GTC	1348	37	46.23
C	G	AGT	1343	37	47.11
C	A	TAG	1337	37	45.39
C	G	AGG	1329	25	32.71
A	T	TTG	1309	37	47.67
C	G	GGT	1302	37	47.27
A	T	GTA	1299	25	30.82
A	T	CTA	1289	37	45.54
T	A	CAA	1261	37	47.85
T	A	TAG	1261	37	45.64
T	A	TAC	1243	25	31.03
G	C	ACC	1199	37	47.65
A	T	GTT	1188	37	46.91
G	C	TCT	1187	25	33.45
A	C	TCG	1186	37	41.93
A	T	GTA	1184	37	45.54
A	T	CTG	1179	1	14.89
C	G	AGA	1167	25	33.55
G	T	CTA	1167	37	45.97
G	C	CCG	1166	37	44.65
C	T	GTG	1161	25	35.06
C	A	GAG	1159	1	14.95
G	T	GTC	1158	37	46.89
G	C	GCG	1150	37	43.78
G	A	AAA	1147	25	37.57
G	T	GTA	1147	37	45.67
T	A	AAC	1143	37	47.10
T	G	CGA	1141	37	42.04
C	G	GGG	1139	25	33.07
T	A	TAC	1137	37	45.72
C	G	CGC	1137	37	43.85
G	C	CCC	1131	25	33.15
C	T	TTT	1130	25	37.59
C	A	TAC	1121	37	45.78
C	T	CTC	1116	1	15.37
G	C	ACT	1114	37	47.93
G	A	CAC	1109	25	35.31
G	A	GAG	1101	1	15.17
C	G	CGG	1075	37	44.98
G	C	CCG	1074	25	28.43
C	A	GAT	1068	37	47.27
C	A	GAA	1067	37	48.98
C	G	CGG	1067	25	28.47
C	A	GAC	1066	37	47.25
C	G	TGC	1060	25	32.80
A	C	TCT	1054	1	12.59
G	C	GCC	1040	25	33.04
C	A	CAC	1028	1	14.13
C	G	TGT	1014	25	33.08
G	C	ACA	1009	25	33.14
G	T	GTG	1004	1	14.03
G	T	TTC	996	37	49.28
T	G	AGA	992	1	12.85
C	G	GGC	986	25	33.24
G	C	CCA	979	25	33.89
G	T	ATC	979	37	47.64
G	A	AAG	971	25	36.87
C	G	TGG	963	25	33.94
A	C	ACA	938	1	11.38
C	T	CTT	935	25	36.92
G	C	GCA	922	25	33.42
A	G	CGA	901	11	23.66
T	G	TGT	900	1	11.66
T	C	TCG	890	11	23.80
T	G	CGT	856	37	44.39
T	A	CAG	847	1	16.30
G	C	TCC	847	25	33.76
A	C	CCG	846	25	29.47
G	A	CAT	836	25	35.93
C	T	ATG	831	25	35.96
C	T	TTC	825	25	34.70
A	C	TCA	822	1	11.73
A	C	ACG	814	37	44.60
A	C	GCG	806	25	29.52
T	G	CGC	799	25	29.60
T	G	CGG	791	25	29.77
C	G	GGA	787	25	34.10
C	G	GGT	778	25	32.83
C	G	AGT	774	25	33.55
A	G	TGG	773	25	34.89
T	G	AGT	766	1	11.37
G	A	GAT	745	25	33.91
A	T	ATC	744	1	12.58
C	T	CTG	740	1	16.86
C	G	CGT	738	37	45.04
T	C	CCC	736	25	35.02
G	A	GAA	733	25	35.19
T	C	ACA	732	25	34.54
T	C	CCA	732	25	35.15
G	C	ACT	728	25	33.82
A	G	TGT	723	25	34.55
G	C	ACG	714	37	45.17
T	G	TGA	709	1	12.33
G	C	TCA	703	25	34.28
T	A	GAT	680	1	13.01
G	C	ACC	672	25	33.44
C	T	TTG	672	25	35.93
A	T	ATA	667	1	11.74
C	G	TGA	665	25	34.52
T	C	CCG	648	25	30.62
A	G	CGC	648	25	30.51
T	C	CCT	647	25	35.83
C	T	ATC	646	25	34.49
A	G	GGG	643	25	35.56
A	G	CGG	640	25	30.69
T	G	CGT	639	25	28.93
A	C	ACG	638	25	28.92
C	T	GTC	631	25	34.31
G	A	AAT	629	25	38.69
A	G	TGC	626	25	35.09
C	G	CGT	622	25	29.05
G	A	CAA	620	25	36.29
T	C	GCG	618	25	30.67
C	T	ATT	614	25	38.75
G	A	TAT	613	25	36.28
G	C	TCG	606	37	44.84
G	C	ACG	597	25	29.21
T	C	GCA	595	25	35.32
G	A	CAG	594	1	17.81
C	T	ATA	589	25	36.51
C	G	AGC	587	1	13.41
A	C	ACT	582	1	12.44
G	A	GAC	564	25	34.78
T	C	TCT	560	25	36.71
C	G	CGA	559	37	45.14
T	C	GCC	555	25	35.77
G	C	TCT	542	1	15.36
G	T	CTT	540	1	15.73
A	G	GGC	535	25	35.89
A	G	AGA	533	25	36.95
A	G	AGG	533	25	36.68
C	T	CTA	529	25	35.44
G	A	AAC	527	25	38.12
C	T	GTT	525	25	38.12
A	T	CTA	523	1	12.79
A	G	TGA	518	25	35.61
G	A	TAG	510	25	35.61
A	G	GGT	510	25	34.67
A	C	TCG	508	25	29.22
C	G	CGA	502	25	29.20
T	G	CGA	500	25	29.21
A	G	AGC	489	25	36.38
T	C	GCT	487	25	36.32
C	A	AAG	481	1	16.11
A	T	CTT	474	1	16.28
C	A	CAT	470	1	15.34
A	G	CGT	470	25	30.26
G	C	TCG	467	25	29.59
C	T	TTA	461	25	37.03
T	C	TCC	459	25	36.42
T	C	ACG	455	25	30.39
T	G	TGC	452	1	13.49
A	T	ATG	452	1	15.56
T	C	ACC	449	25	35.19
T	A	AAG	447	1	16.42
G	A	TAA	438	25	37.25
A	G	AGT	438	25	36.02
G	C	GCT	433	1	14.19
G	T	ATG	433	1	15.74
T	C	TCA	424	25	36.48
T	G	TGG	408	1	14.17
C	T	GTA	406	25	35.87
A	G	GGA	399	25	37.05
C	G	AGA	399	1	16.66
A	T	GTG	376	1	18.18
G	A	TAC	369	25	36.30
T	C	ACT	368	25	36.78
C	T	CTT	355	1	17.51
A	T	ATT	350	1	16.08
G	T	GTC	349	1	14.84
T	A	CAC	347	1	18.73
T	A	CAT	345	1	16.65
T	A	TAT	340	1	14.48
C	G	CGC	330	1	14.21
T	A	TAG	329	1	14.73
G	T	GTT	325	1	15.35
A	C	TCC	322	1	15.15
C	A	GAC	318	1	15.04
C	A	AAC	301	1	15.59
C	A	GAT	296	1	16.50
A	G	AGA	293	1	17.98
A	C	GCA	289	1	15.38
G	T	CTA	286	1	15.31
C	A	CAA	283	1	15.18
A	C	CCA	281	1	15.56
T	G	AGC	280	1	16.52
G	A	AAG	271	1	18.55
G	T	ATC	269	1	16.84
C	A	AAA	263	1	17.80
A	T	GTC	263	1	16.03
G	T	ATT	261	1	17.33
A	T	TTC	259	1	15.77
T	A	GAC	250	1	16.05
C	G	AGG	248	1	16.40
T	A	AAT	245	1	17.51
G	T	TTG	239	1	15.86
G	A	GAT	237	1	17.45
T	C	TCT	236	1	18.90
C	A	TAG	235	1	16.15
T	C	TCG	235	25	32.57
C	A	AAT	234	1	17.71
T	G	AGG	234	1	16.64
G	T	TTT	233	1	18.47
A	C	CCT	230	1	16.55
A	C	GCT	229	1	16.87
T	A	GAA	223	1	16.45
A	C	ACC	223	1	14.67
A	G	CGA	221	25	32.76
T	G	GGA	220	1	16.63
G	A	CAC	215	1	20.79
T	G	GGT	209	1	15.17
C	A	GAA	198	1	16.95
G	C	CCT	194	1	17.28
G	C	GCG	194	1	15.84
G	A	GAC	189	1	17.24
T	A	AAA	189	1	19.22
C	T	GTG	187	1	21.18
C	G	CGG	184	1	15.04
A	G	AGC	183	1	18.33
G	A	GAA	182	1	17.31
A	T	TTT	182	1	19.53
G	A	TAG	181	1	17.26
A	C	CCC	180	1	17.17
G	T	TTC	180	1	17.31
G	T	GTA	178	1	15.38
C	A	TAT	177	1	17.24
C	T	ATC	176	1	18.65
T	G	GGG	174	1	17.29
G	T	ATA	173	1	17.38
C	G	TGC	170	1	17.61
C	G	AGT	167	1	17.73
C	T	CTA	167	1	17.59
G	A	CAT	164	1	19.83
C	T	GTC	161	1	18.12
C	A	TAC	160	1	15.78
A	T	TTA	160	1	16.10
A	T	GTA	159	1	15.86
C	T	ATG	148	1	20.32
G	C	TCC	147	1	18.49
G	C	GCA	145	1	18.31
A	T	GTT	141	1	18.90
A	C	ACG	139	1	14.38
G	C	ACT	135	1	18.59
A	G	AGG	132	1	19.09
C	G	CGA	132	1	14.03
T	A	TAC	129	1	16.69
T	A	AAC	128	1	19.23
G	C	CCC	126	1	18.70
C	T	TTC	123	1	18.94
C	G	GGC	121	1	17.94
G	C	TCA	119	1	19.87
C	G	TGT	119	1	20.18
T	A	TAA	117	1	17.28
G	C	GCC	117	1	18.29
A	C	TCG	116	1	14.59
G	C	CCG	113	1	16.44
T	C	GCT	113	1	19.90
A	T	TTG	112	1	19.09
A	C	GCC	111	1	18.52
T	G	GGC	111	1	18.31
T	A	CAA	108	1	19.28
C	G	GGA	107	1	19.72
G	A	AAA	102	1	21.87
C	T	ATA	101	1	19.69
G	C	ACA	100	1	20.81
C	G	GGG	100	1	19.66
T	G	CGT	100	1	16.09
G	A	TAT	98	1	19.77
C	A	TAA	96	1	18.12
C	G	CGT	96	1	16.27
G	C	ACG	92	1	16.12
T	G	CGC	90	1	19.73
C	G	GGT	89	1	18.80
C	G	TGA	89	1	21.11
C	T	TTT	89	1	22.61
G	T	TTA	89	1	18.60
G	A	AAT	85	1	22.06
G	C	TCG	85	1	15.89
A	G	AGT	85	1	20.63
C	T	ATT	85	1	22.15
G	A	CAA	83	1	20.41
T	G	CGG	80	1	18.58
G	C	CCA	78	1	21.03
G	C	ACC	77	1	19.19
C	G	TGG	77	1	21.27
G	A	AAC	75	1	21.53
A	C	CCG	72	1	18.37
A	G	CGC	72	1	20.69
T	C	CCT	68	1	21.78
C	T	TTG	68	1	21.24
T	C	ACT	67	1	21.60
A	G	TGG	67	1	21.87
A	G	TGT	67	1	22.66
A	C	GCG	65	1	20.52
C	T	GTT	65	1	22.23
T	C	TCA	63	1	22.61
T	C	TCC	62	1	22.20
A	G	TGA	60	1	22.81
T	C	ACA	59	1	23.09
G	A	TAC	58	1	20.11
T	C	CCC	58	1	22.03
A	G	GGG	58	1	22.00
T	G	CGA	57	1	17.58
T	C	GCA	54	1	22.56
A	G	GGA	53	1	22.74
A	G	TGC	52	1	22.70
T	C	CCA	51	1	22.87
A	G	GGT	51	1	21.20
C	T	TTA	48	1	21.26
T	C	GCG	45	1	22.10
A	G	GGC	43	1	22.39
G	A	TAA	42	1	21.67
T	C	ACC	42	1	21.80
T	C	GCC	42	1	22.70
C	T	GTA	42	1	21.55
T	C	ACG	37	1	20.01
A	G	CGG	34	1	22.26
T	C	CCG	31	1	21.99
A	G	CGT	27	1	21.70
T	C	TCG	21	1	21.88
A	G	CGA	15	1	23.32
